date,AAL,AAPL,AAP,ABBV,ABC,ABT,ACN,ADBE,ADI,ADM
2013-02-08,15.07,67.7142,78.34,36.37,46.52,34.39,73.01,38.31,44.72,30.31
2013-02-11,14.89,68.0714,78.65,36.13,46.85,34.42,73.09,38.99,45.99,30.26
2013-02-12,14.45,68.5014,78.39,35.77,46.7,34.27,72.89,38.55,46.15,30.22
2013-02-13,14.3,66.7442,78.9,35.42,46.74,34.29,73.32,38.9,46.29,30.91
2013-02-14,14.94,66.3599,78.66,35.05,46.67,34.28,73.21,38.7,46.02,31.03
2013-02-15,13.93,66.9785,78.83,36.93,46.77,34.84,73.08,38.51,46.39,31.72
2013-02-19,14.33,65.8714,79.12,37.54,46.67,35.18,74.28,38.58,46.4,32.58
2013-02-20,14.17,65.3842,80.42,38.16,47.22,34.7,75.4,39.04,46.9,33.09
2013-02-21,13.62,63.7142,79.26,38.49,46.48,34.47,74.69,38.82,45.7,32.32
2013-02-22,13.57,64.1785,79.2,38.79,46.48,34.18,74.15,38.54,45.1905,32.4
2013-02-25,13.6,64.8356,79.46,38.54,47.1,34.6,75.17,38.66,46.11,32.28
2013-02-26,13.14,63.4028,78.42,37.6,46.38,34.37,74.32,38.14,45.08,31.66
2013-02-27,13.28,64.0614,77.29,36.97,46.66,34.05,74.0,38.32,44.58,31.82
2013-02-28,13.49,63.4357,77.35,36.66,46.96,34.31,74.52,39.54,45.28,32.05
2013-03-01,13.37,62.5714,76.37,36.8,47.22,33.69,74.13,39.3,45.0,31.7
2013-03-04,13.5,61.1142,76.24,37.53,47.83,33.51,74.53,39.74,45.29,31.91
2013-03-05,14.01,60.2114,77.07,38.45,48.04,34.38,75.56,40.76,45.5,32.14
2013-03-06,14.52,62.0728,77.1,37.56,48.44,34.67,77.03,41.47,45.83,32.24
2013-03-07,14.7,60.6428,76.04,37.65,48.44,34.3,77.29,41.4,46.25,32.45
2013-03-08,14.99,61.3999,76.44,37.64,48.27,34.5,77.98,41.75,45.96,32.48
2013-03-11,14.85,61.3928,76.88,37.25,48.36,34.59,78.38,41.12,45.96,32.41
2013-03-12,15.14,62.2285,77.26,37.7,48.52,34.83,78.26,41.53,46.4,32.41
2013-03-13,15.54,61.2071,77.54,37.2,48.71,34.89,78.0,41.5,46.41,32.55
2013-03-14,15.98,61.8328,78.9,37.43,49.0,35.03,78.08,41.82,46.65,32.99
2013-03-15,16.45,62.5614,77.9,37.44,49.14,34.92,77.88,41.45,46.33,32.8
2013-03-18,15.8,63.0642,79.09,38.05,48.32,33.94,75.87,41.08,45.25,32.72
2013-03-19,16.48,65.6428,80.64,38.25,51.39,33.515,77.16,41.1,44.98,32.75
2013-03-20,17.13,65.3456,80.07,38.5,50.31,33.66,76.34,42.7,45.29,32.87
2013-03-21,17.21,64.3171,79.91,38.82,50.11,33.78,75.83,41.99,45.22,32.86
2013-03-22,17.1,64.9399,80.12,38.57,49.8,33.5,74.3,42.17,44.82,32.65
2013-03-25,16.92,66.3842,79.83,39.12,49.95,33.76,74.2,42.9,45.04,32.92
2013-03-26,16.67,66.4914,80.86,39.57,50.86,33.85,74.0,42.66,44.9,32.71
2013-03-27,16.48,65.2085,81.02,40.22,50.51,34.13,74.18,42.6,45.3,32.65
2013-03-28,17.0,64.2599,81.34,40.26,50.96,34.6,73.79,42.54,45.63,32.93
2013-04-01,17.02,63.1285,82.54,39.96,51.38,35.18,76.07,43.36,46.28,33.73
2013-04-02,16.48,61.0857,82.49,41.22,51.92,35.45,76.1,43.5,45.72,33.75
2013-04-03,15.82,61.6242,82.8,40.75,52.57,36.13,76.835,43.78,45.09,34.05
2013-04-04,15.12,61.9657,82.2,40.77,51.69,36.52,76.86,43.74,44.13,33.22
2013-04-05,15.17,60.6428,81.62,41.31,51.43,36.37,75.76,43.42,43.01,33.2
2013-04-08,15.82,60.6928,81.0,41.27,52.18,36.31,76.14,43.27,43.64,33.09
2013-04-09,16.07,60.9085,79.97,41.96,52.75,36.56,76.76,43.71,44.03,33.25
2013-04-10,15.74,61.1571,79.0,42.65,53.93,36.73,75.56,44.42,44.28,32.79
2013-04-11,15.77,61.9599,81.03,43.42,53.28,37.02,76.97,45.04,45.14,33.11
2013-04-12,16.11,62.0214,82.96,42.97,53.78,37.11,77.0,45.15,44.71,32.89
2013-04-15,16.2,60.9999,81.89,42.87,54.14,36.84,76.93,44.81,44.41,32.48
2013-04-16,15.96,60.2242,80.69,41.67,54.48,36.28,76.0,44.77,44.09,31.62
2013-04-17,16.17,60.0385,80.25,42.14,54.78,36.84,76.79,44.86,43.57,31.9
2013-04-18,16.54,57.8557,79.8,42.37,55.06,37.45,76.99,45.18,43.35,32.07
2013-04-19,16.1,55.4242,79.14,42.51,55.61,37.05,75.02,44.6,42.2,32.01
2013-04-22,15.99,56.0914,79.85,43.0,56.42,37.0,75.0,45.0,42.62,32.16
2013-04-23,15.33,57.7128,79.55,44.61,56.39,37.11,75.29,44.84,42.98,32.33
2013-04-24,16.26,56.2199,80.47,45.14,56.33,37.27,76.43,44.91,43.66,32.61
2013-04-25,16.55,58.7464,82.6,44.75,55.82,36.62,78.0,44.75,43.97,32.62
2013-04-26,16.38,58.5442,83.04,44.95,53.0,36.36,78.61,44.84,43.51,33.4
2013-04-29,16.7,60.0642,83.0,45.83,53.33,36.49,78.66,44.89,43.6,33.55
2013-04-30,16.8,62.1571,83.0,45.05,54.07,36.7,80.92,44.76,43.56,34.0
2013-05-01,16.91,63.4942,83.85,45.74,54.06,36.77,81.44,45.14,44.12,33.79
2013-05-02,16.72,63.1114,84.44,45.68,53.85,36.95,80.15,44.65,43.96,32.85
2013-05-03,17.02,64.4728,85.02,44.31,55.01,37.25,80.08,46.0,44.71,33.83
2013-05-06,17.05,65.1014,84.71,44.95,54.49,36.75,79.4,47.0,45.28,34.11
2013-05-07,17.15,66.4242,85.31,44.5,54.59,35.74,78.87,46.46,45.81,34.01
2013-05-08,17.01,65.5771,85.5,45.01,55.03,36.01,79.13,45.51,45.81,34.23
2013-05-09,17.53,65.6871,84.92,43.34,54.91,36.19,79.7401,45.22,45.95,34.34
2013-05-10,17.61,65.4242,84.8,44.21,54.98,36.25,80.34,44.12,46.56,33.86
2013-05-13,17.74,64.5014,85.25,44.79,54.68,36.05,80.06,43.98,46.53,34.05
2013-05-14,17.82,64.8356,85.18,44.09,54.47,36.42,79.91,43.7,46.22,33.74
2013-05-15,18.37,62.7371,85.96,45.72,55.0,37.13,80.5,44.06,46.29,33.97
2013-05-16,18.96,60.4628,86.32,46.06,54.64,37.45,80.56,44.96,46.69,34.38
2013-05-17,19.38,62.7214,85.57,46.03,54.44,36.82,80.7,44.6,46.84,34.2
2013-05-20,19.05,61.7014,85.79,47.12,55.01,36.95,82.94,44.55,46.82,34.95
2013-05-21,18.55,62.5928,87.17,46.19,54.77,37.85,82.65,44.21,46.68,34.3
2013-05-22,18.06,63.4357,87.25,46.46,54.72,37.76,82.97,44.12,45.65,34.68
2013-05-23,17.48,62.2785,84.57,46.12,54.32,37.49,81.76,42.66,45.22,33.7
2013-05-24,18.11,62.9785,83.75,46.25,54.36,37.17,82.04,42.32,45.2,34.06
2013-05-28,18.44,64.2714,84.0,45.89,54.77,37.98,83.27,42.78,45.62,34.17
2013-05-29,18.06,62.8571,83.14,44.89,54.17,38.26,82.52,42.75,45.7,33.99
2013-05-30,17.92,63.6642,82.34,44.07,54.0,37.72,83.02,42.65,45.66,33.53
2013-05-31,17.66,64.6428,81.78,44.27,54.49,37.49,82.25,42.92,45.92,33.13
2013-06-03,17.54,64.3899,81.54,42.88,54.01,36.63,82.48,42.98,45.94,32.31
2013-06-04,17.78,64.7456,82.39,43.42,52.73,37.06,82.0,43.67,46.22,32.69
2013-06-05,17.15,63.6642,81.96,43.49,53.04,36.72,81.25,44.39,45.92,32.91
2013-06-06,16.92,63.6385,81.77,43.22,52.81,36.24,79.74,43.84,45.58,32.71
2013-06-07,16.89,62.3571,83.49,43.72,52.7,36.95,80.84,43.86,45.73,32.98
2013-06-10,17.09,63.5328,84.32,44.33,53.13,37.47,81.28,44.3,46.21,33.03
2013-06-11,16.94,62.2485,82.89,43.31,53.96,37.14,80.64,43.6,45.47,32.8
2013-06-12,16.97,62.7857,83.09,43.91,55.02,37.08,80.84,43.31,45.43,33.34
2013-06-13,16.85,61.7857,82.44,42.42,54.61,36.33,79.89,42.74,44.12,32.86
2013-06-14,16.96,62.1999,82.61,42.98,54.44,36.68,80.91,43.33,45.14,33.31
2013-06-17,17.02,61.6342,82.58,43.4,55.13,37.07,81.28,43.22,45.11,33.23
2013-06-18,16.94,61.6514,82.5,42.97,55.68,36.98,82.64,43.55,46.02,33.23
2013-06-19,17.16,61.6285,83.3,43.56,55.78,37.27,82.87,46.43,46.44,33.86
2013-06-20,16.73,59.8999,83.69,42.65,55.47,36.07,81.11,45.28,45.6,32.99
2013-06-21,16.8,59.7842,83.02,41.66,54.24,35.4,79.69,44.92,44.91,33.01
2013-06-24,16.06,58.1999,79.85,42.07,54.02,35.29,79.06,44.34,44.68,32.75
2013-06-25,16.22,57.9571,80.71,42.15,53.74,35.28,80.05,44.04,44.62,33.32
2013-06-26,16.5,57.6999,80.78,43.1,53.78,35.41,80.48,44.95,45.01,33.42
2013-06-27,16.29,57.0357,80.22,43.56,55.37,35.77,80.22,45.9,45.42,33.79
2013-06-28,16.24,55.9085,80.01,42.53,55.5,35.3,71.8,45.99,45.14,33.57
2013-07-01,16.5,57.5271,81.72,41.4,56.11,34.97,72.14,45.23,45.0,34.11
2013-07-02,16.78,58.5657,82.0,41.58,55.04,34.97,71.73,46.0,45.28,34.37
2013-07-03,16.06,60.1228,81.22,41.88,54.5,34.72,71.88,45.71,45.17,34.57
2013-07-05,16.93,60.0557,82.62,42.45,55.51,34.58,73.25,46.69,45.99,34.9
2013-07-08,16.94,60.0157,83.1,42.9,55.83,34.95,74.01,47.03,46.27,34.88
2013-07-09,17.01,59.0857,84.02,44.0,56.47,35.46,74.86,46.76,46.11,35.47
2013-07-10,17.32,59.9428,83.25,43.36,55.95,34.8,74.22,47.09,46.28,35.74
2013-07-11,17.4,60.4214,83.5,43.94,57.08,35.02,75.0,47.62,47.26,36.14
2013-07-12,17.36,61.0928,82.93,43.93,58.02,35.45,75.5,48.35,48.08,36.17
2013-07-15,17.66,60.7157,82.9,44.95,58.57,35.23,75.81,48.25,48.27,36.33
2013-07-16,17.86,60.9314,83.29,44.54,58.33,35.43,75.98,48.05,48.47,36.11
2013-07-17,17.96,61.3857,82.55,43.97,58.38,35.88,75.76,48.17,48.57,35.78
2013-07-18,18.7,61.9114,81.5,43.96,58.58,35.92,75.05,48.04,48.79,35.69
2013-07-19,18.26,61.8714,82.15,44.49,58.25,35.73,75.56,48.26,48.4,36.19
2013-07-22,18.25,61.3514,82.05,44.3,58.74,35.76,75.83,48.52,48.49,36.7
2013-07-23,18.33,60.8571,82.99,44.92,58.97,35.93,75.14,48.35,48.52,36.08
2013-07-24,18.43,62.7042,82.82,44.28,58.32,36.7,74.59,48.38,48.73,36.63
2013-07-25,18.49,62.9571,81.9,43.41,56.2,36.42,73.5,47.8,48.11,36.11
2013-07-26,18.74,62.1857,82.93,45.01,57.41,36.59,73.14,47.77,48.34,36.4
2013-07-29,19.07,62.9714,82.61,44.72,58.37,36.62,72.84,47.51,48.52,36.53
2013-07-30,19.33,64.2799,82.53,45.08,58.84,36.98,73.36,47.19,48.83,36.33
2013-07-31,19.25,64.9985,82.25,44.84,58.54,36.87,73.69,47.5,49.14,36.2
2013-08-01,19.44,65.1075,83.17,45.14,58.39,36.89,74.21,47.62,49.57,36.72
2013-08-02,19.38,65.4299,83.29,45.11,58.75,36.79,74.34,47.38,49.73,37.03
2013-08-05,18.9,66.3842,83.19,45.05,58.38,36.64,74.39,47.45,49.74,37.47
2013-08-06,19.17,66.8599,83.42,44.42,59.03,36.25,74.01,47.55,49.54,36.86
2013-08-07,18.84,66.2571,82.82,44.7,58.31,36.07,73.07,47.17,49.4499,37.75
2013-08-08,18.99,66.2649,83.0,44.86,59.36,36.2,72.81,47.32,49.52,37.97
2013-08-09,18.91,65.5199,81.34,44.9,59.46,35.8,73.03,47.38,49.07,38.2
2013-08-12,18.49,65.2656,83.14,44.71,58.9,35.79,72.99,46.87,48.92,38.24
2013-08-13,18.86,67.2771,82.73,45.12,58.7,35.93,73.0,47.37,49.4,38.52
2013-08-14,16.05,71.1256,84.28,44.85,58.14,35.91,72.71,47.14,49.4,38.58
2013-08-15,15.97,70.9171,82.94,44.6,57.71,35.51,70.67,46.37,48.46,38.2
2013-08-16,15.7,71.4499,81.66,42.94,57.0,34.92,71.37,45.94,47.77,36.94
2013-08-19,15.97,72.0485,80.75,43.01,56.54,34.85,71.63,45.44,48.35,37.01
2013-08-20,15.64,72.8156,80.53,43.29,56.92,34.9,71.68,44.77,47.84,36.47
2013-08-21,15.8,71.9414,81.58,42.82,57.26,34.68,72.12,45.01,46.65,36.61
2013-08-22,15.91,72.1399,81.67,42.4,57.22,34.67,72.84,45.1,47.0,36.39
2013-08-23,16.3,71.8956,82.04,43.01,57.41,34.85,74.54,45.85,47.34,36.19
2013-08-26,16.16,71.5356,83.14,43.43,57.41,34.83,73.88,46.25,47.26,36.2
2013-08-27,15.87,71.1428,82.32,43.02,57.04,34.32,72.92,45.55,46.81,34.24
2013-08-28,15.38,69.4285,81.4,42.53,56.82,33.97,72.35,45.58,46.01,34.5
2013-08-29,16.03,70.2356,81.0,42.32,56.87,33.63,72.32,45.5,46.05,34.53
2013-08-30,16.1,70.2856,80.76,42.76,57.19,33.72,72.77,45.88,46.49,34.96
2013-09-03,16.38,70.4428,81.3499,43.0,57.46,33.68,72.72,46.21,46.97,35.43
2013-09-04,16.49,71.3656,79.85,42.6,57.63,33.01,73.08,45.76,46.6,35.66
2013-09-05,16.95,71.4642,79.71,43.03,58.0,33.5,73.0,46.88,47.51,36.02
2013-09-06,17.18,71.2056,80.04,43.53,58.2,33.72,74.12,46.89,47.43,36.23
2013-09-09,16.86,72.1428,79.31,43.88,58.31,33.5,73.5,47.11,47.24,35.82
2013-09-10,17.69,72.3142,79.99,44.58,59.0,34.04,74.0,47.62,47.73,36.21
2013-09-11,18.03,66.7157,81.05,44.81,59.43,34.11,74.76,48.0,47.62,36.11
2013-09-12,17.69,66.9285,81.33,44.84,60.42,34.76,74.99,48.07,48.27,36.11
2013-09-13,17.71,67.0485,80.58,44.71,60.63,34.9,74.5,47.66,48.01,36.12
2013-09-16,18.16,65.8571,80.02,45.32,60.8,35.1,75.34,48.17,48.57,36.58
2013-09-17,18.57,63.9942,79.67,45.92,61.0,35.0,76.27,48.19,48.35,36.79
2013-09-18,18.68,66.1685,80.05,47.19,61.63,35.0,76.74,51.68,48.43,37.09
2013-09-19,18.67,67.2428,80.41,48.21,61.85,35.66,78.05,52.05,48.73,37.09
2013-09-20,18.94,68.2856,81.17,47.44,62.23,35.39,77.6,51.87,48.39,37.05
2013-09-23,18.89,70.8714,80.57,47.56,61.68,35.25,77.1,52.07,48.09,37.07
2013-09-24,18.79,70.6971,79.6,46.95,61.73,35.07,76.29,51.79,47.65,36.61
2013-09-25,19.13,69.8856,80.13,46.09,60.83,34.32,75.44,51.48,47.77,36.81
2013-09-26,19.17,69.4285,81.6,45.33,60.97,33.75,76.5,52.0,47.88,36.71
2013-09-27,19.09,69.1114,81.2,44.87,60.91,33.45,74.5,51.71,47.2,36.63
2013-09-30,18.34,68.1785,81.34,44.52,60.9,33.05,74.06,51.5,46.56,37.0
2013-10-01,18.98,68.3499,82.7,44.81,61.18,33.17,73.54,52.1,47.07,36.8
2013-10-02,20.0,69.3756,82.9,45.34,62.18,33.48,73.38,51.79,46.56,36.77
2013-10-03,20.0,70.0728,82.36,45.6,62.06,33.79,73.37,51.61,46.79,37.04
2013-10-04,20.31,69.1228,81.87,46.18,61.59,33.31,73.33,50.09,46.38,36.78
2013-10-07,20.41,69.5085,82.76,46.12,62.27,33.22,72.51,51.05,46.41,36.44
2013-10-08,20.32,69.9914,81.84,46.29,61.98,33.55,72.51,50.93,46.62,36.38
2013-10-09,20.08,69.2342,81.22,44.72,61.29,33.03,70.58,49.62,45.83,36.3
2013-10-10,20.35,70.1885,81.25,45.1,61.8,33.34,70.99,50.06,46.16,36.72
2013-10-11,20.5,69.5699,81.82,45.7,62.48,33.63,71.56,50.82,46.8,36.97
2013-10-14,20.52,69.9756,82.16,45.21,62.46,33.51,72.17,51.9,46.59,36.48
2013-10-15,20.64,71.0721,83.3,46.05,63.05,33.91,72.26,52.31,47.02,36.83
2013-10-16,20.57,71.5414,97.26,46.31,63.03,34.35,72.01,51.54,46.6,37.07
2013-10-17,20.72,71.4256,96.65,46.95,63.77,35.89,71.81,51.87,46.93,37.4
2013-10-18,21.23,72.2842,97.35,48.38,64.98,37.17,72.95,52.15,47.6,37.95
2013-10-21,21.23,73.1099,99.11,48.08,64.57,37.17,73.03,52.73,47.77,38.34
2013-10-22,21.53,75.2006,99.0,48.39,64.18,36.94,73.62,53.47,48.0,38.67
2013-10-23,21.82,74.1428,98.73,48.76,63.63,36.91,73.65,52.75,47.3,39.25
2013-10-24,22.08,74.9999,99.44,48.63,64.2,37.22,73.74,53.06,46.67,39.27
2013-10-25,22.76,75.9021,101.32,49.1,64.84,37.24,73.5,54.07,47.17,39.26
2013-10-28,22.24,75.5771,102.67,49.13,65.16,37.33,73.6,53.91,46.74,39.77
2013-10-29,22.76,76.6099,100.95,49.48,65.38,37.36,74.45,54.0,47.98,39.44
2013-10-30,22.38,74.2299,100.27,49.57,65.95,37.33,74.78,54.87,49.11,40.72
2013-10-31,22.6,74.9999,100.0,48.68,65.05,37.01,74.24,54.01,48.82,41.08
2013-11-01,22.04,74.8599,98.26,48.64,65.55,36.69,73.89,54.61,49.68,41.03
2013-11-04,22.6,74.4428,99.86,49.19,66.5,36.98,73.1,55.01,49.56,41.01
2013-11-05,22.75,74.9399,99.27,48.59,67.09,36.85,72.79,55.24,48.83,40.83
2013-11-06,23.26,74.8785,100.0,48.5,67.17,37.45,73.44,54.9,49.99,41.92
2013-11-07,22.53,74.2256,98.51,48.17,67.41,37.61,74.37,55.05,49.95,41.78
2013-11-08,22.16,73.5114,96.92,47.13,66.92,37.51,75.39,53.42,49.3,41.22
2013-11-11,23.25,74.2842,96.76,48.23,68.08,38.17,75.15,54.85,49.67,41.49
2013-11-12,23.26,73.9528,98.98,48.45,68.18,37.83,75.44,55.84,49.43,40.78
2013-11-13,24.22,73.9999,99.07,47.36,67.9,37.37,76.24,55.59,49.59,40.34
2013-11-14,23.79,74.6871,99.58,47.99,68.34,37.89,76.81,57.56,50.37,41.29
2013-11-15,23.73,75.2256,99.25,48.03,69.12,37.77,77.47,57.54,50.31,42.09
2013-11-18,24.22,74.9985,99.68,48.89,69.99,38.04,78.02,57.45,50.69,40.21
2013-11-19,24.55,74.1471,98.33,48.73,69.01,37.93,78.64,56.73,50.19,40.22
2013-11-20,24.29,74.1756,97.81,48.42,68.88,38.75,78.47,55.98,49.46,40.96
2013-11-21,24.07,73.9428,100.0,48.28,69.3,38.38,78.36,56.28,49.42,40.1
2013-11-22,24.2,74.2171,100.0,48.65,69.81,38.13,78.49,56.26,49.77,41.12
2013-11-25,24.45,74.4314,100.05,49.0,69.8,38.38,77.82,56.62,49.89,41.87
2013-11-26,24.17,74.8742,100.0,48.38,70.77,38.29,77.38,56.87,49.13,41.49
2013-11-27,23.92,76.6156,102.26,48.83,70.59,38.74,77.41,56.85,47.2,41.68
2013-11-29,24.12,78.4971,101.88,48.43,70.7,38.44,77.75,57.12,48.66,40.9
2013-12-02,23.55,79.7142,101.35,48.49,70.79,38.24,77.42,56.74,47.8,40.33
2013-12-03,22.99,79.7571,102.27,49.13,70.54,37.95,76.33,56.63,48.4,40.82
2013-12-04,22.38,80.7856,106.25,49.75,70.35,37.35,75.5,56.19,49.16,40.89
2013-12-05,22.27,81.8071,104.65,49.42,69.24,37.29,76.14,55.63,48.78,41.7
2013-12-06,22.72,80.8271,106.65,50.17,69.88,37.27,75.97,55.99,49.39,41.87
2013-12-09,23.95,80.1285,104.75,51.45,70.47,37.57,75.64,55.94,49.5,41.93
2013-12-10,24.54,80.5113,105.47,51.245,70.11,37.11,75.11,55.38,48.85,42.35
2013-12-11,25.44,80.9999,109.55,52.67,69.67,37.0,75.51,55.25,49.01,42.35
2013-12-12,26.2,80.3058,106.78,52.56,69.2,36.57,74.42,54.44,48.73,41.71
2013-12-13,25.61,80.4071,110.55,52.3,68.81,36.38,74.27,58.06,48.41,40.64
2013-12-16,26.63,79.2885,110.01,53.42,68.84,36.45,74.09,60.63,48.5,40.44
2013-12-17,26.47,79.4013,109.63,53.43,68.72,36.45,74.53,58.5,48.64,40.75
2013-12-18,25.99,78.5285,108.85,52.78,68.6,36.66,74.15,57.58,48.9,41.67
2013-12-19,26.09,78.4999,109.2,53.21,69.37,38.08,77.52,58.73,49.77,43.02
2013-12-20,26.16,77.9185,108.51,52.77,69.61,38.14,79.72,58.42,49.63,43.82
2013-12-23,26.29,81.1428,109.78,52.73,70.13,37.97,80.51,59.74,50.23,43.535
2013-12-24,26.0,81.4128,109.77,52.78,70.01,38.36,80.86,59.58,50.37,43.16
2013-12-26,26.12,81.1571,110.17,52.59,70.25,38.22,81.47,59.53,50.84,43.32
2013-12-27,25.95,80.5456,110.3,52.92,70.45,38.52,82.46,59.73,50.77,43.66
2013-12-30,24.87,79.6371,110.34,52.73,70.25,38.48,81.71,59.67,50.51,43.9
2013-12-31,24.74,79.1671,109.8,52.99,70.52,38.38,81.68,59.6,51.0,43.77
2014-01-02,25.07,79.3828,110.36,52.12,70.11,38.09,81.5,59.06,49.52,43.22
2014-01-03,25.75,78.9799,111.23,52.25,69.89,38.37,81.21,59.19,49.27,43.1
2014-01-06,26.62,76.7785,113.1,52.7,70.34,39.19,81.31,58.06,49.35,43.42
2014-01-07,27.2,77.7599,111.98,50.84,69.82,39.23,80.84,58.26,49.49,43.37
2014-01-08,26.37,76.9728,112.47,50.63,70.33,38.85,81.29,59.12,49.71,42.76
2014-01-09,28.24,78.1142,113.06,50.59,71.45,39.27,82.02,58.99,49.45,42.51
2014-01-10,29.05,77.1185,114.28,51.27,71.49,39.27,82.75,59.35,49.43,42.41
2014-01-13,29.18,75.7014,115.45,50.66,71.42,39.11,82.71,59.28,49.21,42.01
2014-01-14,28.75,76.8885,115.4,49.94,70.66,39.3,80.78,58.68,48.93,41.73
2014-01-15,28.9,79.0742,117.65,50.65,70.74,39.6,82.09,60.44,49.75,42.43
2014-01-16,28.94,79.2713,117.22,50.1,70.6,39.53,83.54,61.59,50.48,42.51
2014-01-17,29.3,78.7828,117.81,50.64,70.68,39.86,83.64,61.02,49.57,41.3
2014-01-21,30.66,77.2842,119.73,50.26,70.88,39.52,84.22,61.5,49.95,41.28
2014-01-22,30.71,78.702,118.39,49.98,70.8,38.02,84.46,60.93,49.86,41.51
2014-01-23,30.65,78.5628,116.81,48.74,70.0,37.9,84.81,61.18,50.22,41.91
2014-01-24,31.02,79.1428,116.0,48.42,69.27,37.2,83.29,60.3,49.39,40.6
2014-01-27,30.4,78.5813,116.485,47.79,67.04,36.68,81.34,58.11,48.32,39.88
2014-01-28,30.32,72.6799,115.39,47.08,66.74,36.54,81.73,57.98,48.17,39.47
2014-01-29,32.24,71.9928,115.41,47.15,66.67,36.26,81.27,58.61,48.32,39.62
2014-01-30,33.36,71.7914,115.0,47.97,67.65,36.24,81.05,59.12,48.87,39.59
2014-01-31,33.44,70.7399,115.23,49.94,66.6,36.03,80.0,58.15,48.34,39.09
2014-02-03,33.95,71.8014,115.44,49.4,67.13,36.58,80.02,59.08,48.23,39.28
2014-02-04,34.04,72.2642,110.97,47.18,65.38,35.9,78.39,58.48,47.7,39.81
2014-02-05,33.82,72.3656,109.86,47.76,64.82,36.12,77.87,59.54,47.43,38.75
2014-02-06,33.71,72.8656,121.5,47.89,64.86,36.41,77.87,60.7,48.01,38.82
2014-02-07,34.81,74.4828,125.63,48.0,65.88,36.77,78.81,61.58,48.58,39.6
2014-02-10,36.1,74.0942,124.52,48.75,66.46,37.17,80.19,62.73,48.78,39.81
2014-02-11,35.58,75.8014,123.47,49.41,66.23,37.045,80.53,64.48,49.31,40.12
2014-02-12,34.89,76.7071,125.55,49.63,67.81,37.93,80.84,64.21,49.96,40.43
2014-02-13,34.07,76.3799,125.2,50.3,67.37,38.07,80.86,64.84,49.69,40.5
2014-02-14,34.85,77.4956,126.71,50.56,67.73,38.68,81.73,67.48,50.42,40.71
2014-02-18,34.73,77.9999,127.18,50.64,68.06,38.96,82.1,68.62,50.44,40.66
2014-02-19,34.25,77.8214,126.54,51.17,68.12,38.74,82.42,68.45,51.9,40.5
2014-02-20,34.43,76.1414,125.98,51.19,68.4,38.82,83.16,68.19,51.72,39.95
2014-02-21,35.78,76.1132,127.31,51.82,68.42,38.88,83.6,67.82,51.37,40.11
2014-02-24,36.2,74.7356,128.31,51.01,68.31,38.865,83.71,68.54,51.29,40.1
2014-02-25,36.63,75.6256,126.64,50.93,68.39,38.99,84.0,68.71,50.99,40.25
2014-02-26,37.12,74.8014,126.09,49.95,68.87,39.29,83.76,67.73,50.67,40.49
2014-02-27,36.88,73.8771,125.82,50.6,68.01,39.35,82.4,67.9,50.81,40.32
2014-02-28,36.11,75.5828,125.05,50.84,68.17,39.62,83.31,70.25,51.15,39.9
2014-03-03,36.17,74.7742,125.92,50.34,67.11,39.5,82.56,68.06,50.58,40.14
2014-03-04,36.57,75.8571,128.33,50.73,68.03,39.74,83.42,68.6,50.94,40.29
2014-03-05,37.6,75.8456,126.42,51.68,69.0,40.49,83.94,68.79,51.26,40.66
2014-03-06,38.28,76.1128,126.23,52.04,69.0,39.92,84.24,69.14,51.29,40.7
2014-03-07,39.17,75.8699,127.03,52.25,69.25,39.84,84.32,69.21,51.77,41.14
2014-03-10,38.7,75.4799,126.82,51.9,68.91,39.5,83.82,68.68,51.85,41.61
2014-03-11,38.65,76.4928,127.25,51.68,69.11,39.85,84.32,68.19,51.85,42.52
2014-03-12,37.97,76.3585,125.86,51.46,67.76,39.44,83.16,67.06,51.18,42.14
2014-03-13,37.9,76.7771,126.91,51.89,68.01,39.74,83.01,68.48,51.94,43.03
2014-03-14,36.0,75.5414,124.45,51.25,67.66,39.19,81.98,67.7,50.25,42.26
2014-03-17,36.62,75.3856,125.61,51.47,67.73,39.05,81.97,67.89,50.26,42.78
2014-03-18,37.75,75.1285,126.19,52.08,68.08,39.5,83.69,67.66,50.87,42.69
2014-03-19,37.27,76.0371,125.84,53.09,68.05,39.73,83.57,69.01,51.44,42.93
2014-03-20,36.61,75.6985,124.37,52.86,66.74,39.46,82.5,67.55,51.44,42.58
2014-03-21,36.76,75.9899,125.58,54.22,66.55,39.21,83.44,69.06,53.74,43.08
2014-03-24,36.25,76.9171,126.44,53.53,65.29,38.66,83.32,67.22,53.17,42.82
2014-03-25,36.88,77.3571,125.23,51.68,64.61,38.49,82.61,65.75,53.87,42.54
2014-03-26,38.15,78.0742,124.36,52.0,64.92,38.55,84.0,66.1,53.51,42.48
2014-03-27,36.62,77.1449,122.31,51.53,64.81,38.55,80.11,63.6,52.78,42.8
2014-03-28,35.77,76.9028,124.61,51.83,64.25,38.58,79.55,64.71,52.85,43.28
2014-03-31,35.84,77.0328,125.26,51.34,65.3,38.48,79.18,64.87,53.03,43.24
2014-04-01,36.95,76.8228,126.96,51.62,65.6,38.49,79.6,65.9,53.5,43.42
2014-04-02,38.24,77.4828,127.45,52.1,65.75,38.12,79.29,66.07,54.07,42.62
2014-04-03,37.72,77.3414,127.06,53.35,65.81,38.74,79.79,65.5,54.16,43.47
2014-04-04,37.41,77.1156,125.14,53.78,65.99,38.87,79.59,62.92,54.24,43.59
2014-04-07,36.78,75.4314,121.44,51.68,64.94,38.56,77.6,61.2,52.97,43.03
2014-04-08,36.0,75.0271,118.07,50.35,64.14,38.2,78.47,60.53,52.99,43.54
2014-04-09,36.08,74.6628,120.15,49.49,64.77,37.72,77.66,62.0,54.16,43.56
2014-04-10,36.7,75.8114,122.63,50.08,65.91,37.82,78.57,63.05,54.15,44.45
2014-04-11,34.1,74.1428,117.29,46.58,64.53,36.95,76.46,60.89,52.43,44.26
2014-04-14,34.0,74.5571,117.25,47.1,64.44,37.18,77.47,61.18,52.65,44.55
2014-04-15,33.52,74.3242,117.41,47.42,64.56,37.77,78.07,61.5,52.4,44.71
2014-04-16,34.17,74.0071,118.45,48.58,64.87,38.75,79.54,62.27,53.15,44.54
2014-04-17,35.5,74.2856,119.48,47.92,64.75,38.26,78.73,62.96,52.09,44.86
2014-04-21,35.08,75.0485,120.63,48.5,64.21,38.87,78.88,64.0,53.07,45.02
2014-04-22,35.76,75.4728,121.53,49.49,64.8,38.75,79.58,64.06,52.86,44.85
2014-04-23,37.14,75.5799,121.4,50.14,64.8,38.73,79.33,64.23,53.28,44.68
2014-04-24,37.84,81.1728,121.85,50.13,66.0,38.65,79.45,64.89,53.9,44.82
2014-04-25,37.0,80.6471,121.81,50.21,64.53,38.39,79.09,62.92,53.02,44.6
2014-04-28,36.41,81.8285,121.6,49.55,63.25,38.28,78.55,61.84,51.21,44.6
2014-04-29,35.2,84.8199,121.37,50.94,63.7,38.37,79.03,60.57,50.67,43.12
2014-04-30,35.68,84.6628,120.03,51.38,63.75,38.56,77.65,60.87,50.98,43.17
2014-05-01,35.86,84.5713,124.07,51.89,64.76,38.65,80.18,61.69,51.38,43.74
2014-05-02,36.27,84.6199,121.26,51.41,64.89,38.67,79.86,62.86,50.94,43.31
2014-05-05,36.08,84.3056,120.63,50.99,64.0,38.27,78.74,61.2,50.99,43.3
2014-05-06,37.14,85.9713,120.7,51.2,64.71,38.76,79.0,61.15,51.25,43.24
2014-05-07,36.53,85.0356,120.64,52.38,64.87,38.65,78.74,59.56,50.72,43.17
2014-05-08,37.25,84.0356,120.02,52.69,64.39,38.69,78.17,58.34,50.72,44.18
2014-05-09,37.96,83.5056,122.43,52.07,64.52,38.68,78.81,59.14,51.29,44.09
2014-05-12,38.35,83.9271,124.79,52.36,65.98,39.07,78.71,59.77,51.81,44.6
2014-05-13,38.95,84.5713,125.69,52.45,66.55,39.38,79.24,60.81,52.37,44.44
2014-05-14,39.08,84.6328,123.64,52.23,66.86,39.86,78.9,59.95,51.28,44.33
2014-05-15,38.55,84.9571,127.78,52.96,66.89,39.26,78.83,60.71,50.92,43.8
2014-05-16,38.01,84.0899,123.86,52.65,67.36,39.61,78.7,60.65,50.99,43.53
2014-05-19,38.49,85.4071,121.48,52.84,68.53,39.62,79.18,61.27,51.6,43.82
2014-05-20,38.54,86.3585,122.79,53.86,69.41,39.83,79.35,62.12,52.07,43.85
2014-05-21,38.28,86.2613,122.11,53.5,69.79,39.55,78.17,61.73,52.74,43.41
2014-05-22,38.3,86.6571,122.11,53.29,70.78,39.47,79.41,62.29,51.35,42.93
2014-05-23,38.53,86.7499,122.98,53.94,71.55,39.66,79.68,63.33,51.89,43.7
2014-05-27,39.38,87.9828,124.03,54.2,71.76,39.52,79.81,64.64,52.56,43.65
2014-05-28,39.4,89.4313,121.42,53.96,72.36,39.67,80.06,65.43,52.58,44.32
2014-05-29,39.89,89.6928,122.11,54.1,72.69,39.68,79.93,64.93,52.65,44.39
2014-05-30,39.83,91.1399,122.33,53.98,73.34,39.61,80.46,65.75,52.44,44.56
2014-06-02,40.0,90.5656,124.22,54.43,73.31,40.02,81.1,64.54,52.41,44.89
2014-06-03,41.13,89.7799,123.88,54.06,72.95,39.68,81.21,64.19,52.25,44.73
2014-06-04,41.36,91.0628,124.82,53.92,73.11,39.8,81.87,64.1,52.21,44.37
2014-06-05,43.0,92.3142,126.53,54.55,73.51,39.76,83.53,64.3,52.31,44.31
2014-06-06,42.45,92.8428,127.65,55.32,72.96,40.07,83.6,65.99,52.86,44.83
2014-06-09,44.0,92.7,128.2,54.42,72.4,39.94,83.49,66.7,54.28,45.01
2014-06-10,43.5,94.73,127.07,53.14,72.17,40.03,84.07,66.69,55.19,44.95
2014-06-11,42.9,94.13,126.53,53.85,71.88,40.24,83.35,66.9,55.14,44.84
2014-06-12,41.27,94.04,125.8,54.22,71.79,39.98,83.04,67.23,55.62,44.54
2014-06-13,40.25,92.2,124.65,53.67,71.45,39.77,82.96,66.7,55.54,43.53
2014-06-16,39.68,91.51,124.36,54.18,71.61,39.83,82.44,66.8,55.49,43.76
2014-06-17,41.08,92.31,125.01,54.49,71.37,39.8,82.63,67.36,55.33,44.31
2014-06-18,41.93,92.27,126.71,54.27,71.65,39.84,82.53,73.82,55.64,44.25
2014-06-19,42.82,92.29,130.0,54.14,72.18,40.51,82.83,73.17,55.27,44.54
2014-06-20,43.04,91.85,129.4,55.62,72.17,41.21,82.93,73.04,55.0,45.21
2014-06-23,44.3,91.32,129.7,53.76,72.47,40.97,82.89,72.74,54.77,44.98
2014-06-24,44.14,90.75,130.67,53.74,72.18,40.61,82.7,72.95,54.52,44.86
2014-06-25,42.9,90.21,130.98,53.52,72.58,40.63,82.31,72.27,53.82,44.14
2014-06-26,43.96,90.37,130.3,55.07,72.74,40.74,82.95,72.44,53.66,43.89
2014-06-27,44.3,90.82,130.5,56.58,72.59,40.51,81.09,72.62,53.82,43.81
2014-06-30,44.04,92.1,133.67,56.51,72.99,40.67,81.1,72.43,53.65,43.77
2014-07-01,43.44,93.52,135.86,56.42,72.67,41.18,81.09,72.09,53.77,44.29
2014-07-02,42.89,93.865,134.27,57.46,72.83,41.23,81.0,72.65,54.39,44.93
2014-07-03,42.61,93.67,135.05,57.9,73.33,41.81,81.26,72.95,54.42,45.35
2014-07-07,41.72,94.14,133.97,57.91,73.2,41.68,81.12,73.07,54.59,45.26
2014-07-08,39.14,96.27,133.99,56.68,73.0,41.33,80.99,72.59,54.68,46.54
2014-07-09,42.08,95.44,132.71,55.56,73.1,41.21,81.15,71.11,54.48,46.0
2014-07-10,41.0,93.76,132.51,54.5,72.54,41.03,80.08,70.46,54.11,45.74
2014-07-11,42.91,95.36,132.96,55.34,72.94,41.09,79.88,71.73,54.46,47.15
2014-07-14,43.26,95.86,133.65,53.89,73.32,41.95,80.16,72.55,54.76,48.06
2014-07-15,43.33,96.8,134.25,54.52,72.8,41.74,79.36,72.8,53.77,47.96
2014-07-16,44.0,96.97,133.52,53.25,72.99,41.57,79.87,72.55,53.83,47.87
2014-07-17,43.04,95.03,130.97,53.21,72.78,41.9,79.65,72.11,53.39,47.75
2014-07-18,42.23,93.62,129.92,53.0,72.85,41.9,79.49,71.9,53.04,47.49
2014-07-21,42.91,94.99,130.31,54.14,72.92,42.5,79.85,72.5,53.35,47.88
2014-07-22,42.7,94.68,128.22,53.82,73.06,43.0,80.0,72.13,53.6,48.06
2014-07-23,42.72,95.42,124.68,54.48,73.74,43.24,80.4,72.34,53.4,48.18
2014-07-24,42.5,97.035,124.9,54.22,77.05,42.94,80.33,72.3,51.36,48.36
2014-07-25,42.25,96.85,126.13,54.4,76.41,42.89,80.32,72.54,51.01,48.29
2014-07-28,41.87,97.82,125.24,53.42,76.75,42.95,80.18,72.39,50.16,48.23
2014-07-29,40.65,99.33,124.52,53.55,77.39,42.97,80.59,72.7,50.5,48.08
2014-07-30,39.9,98.44,123.2,53.28,77.99,42.96,80.6,72.5,50.82,47.68
2014-07-31,38.9,97.16,123.86,53.13,77.67,42.52,79.91,71.31,50.4,46.48
2014-08-01,38.75,94.9,121.72,52.03,77.28,42.12,78.97,69.01,49.61,46.33
2014-08-04,39.49,96.37,121.72,52.58,77.28,42.12,78.97,68.95,50.0,46.68
2014-08-05,37.89,95.36,123.58,52.77,77.27,42.14,78.96,68.3,49.61,48.39
2014-08-06,36.56,94.75,123.59,51.48,76.67,41.67,77.26,68.73,49.58,48.21
2014-08-07,37.7,94.93,123.97,51.59,76.37,41.75,78.31,68.69,50.18,48.77
2014-08-08,36.56,94.26,122.3,52.72,75.0,41.48,77.72,68.08,49.06,48.7
2014-08-11,37.79,95.27,125.81,53.0,75.77,41.92,78.96,68.5,49.81,49.21
2014-08-12,38.14,96.04,125.21,53.22,75.94,41.91,78.89,68.61,49.75,49.7
2014-08-13,37.64,96.15,125.2,52.97,76.17,41.88,78.99,69.12,50.16,49.67
2014-08-14,38.5,97.33,129.0,53.62,76.06,42.15,79.19,69.89,50.42,50.1
2014-08-15,39.98,97.9,132.35,54.34,76.79,42.36,79.48,70.88,51.19,50.09
2014-08-18,39.6,98.49,132.08,54.39,76.53,42.62,79.41,70.44,51.22,49.86
2014-08-19,40.96,99.41,133.41,54.48,76.68,42.3,79.94,71.09,51.45,49.56
2014-08-20,40.4,100.44,133.94,54.82,76.93,42.22,80.32,71.78,51.52,49.69
2014-08-21,40.75,100.57,135.4,54.79,77.06,42.29,80.66,71.07,52.03,49.85
2014-08-22,39.6,100.29,134.63,54.87,77.05,42.22,80.6,71.89,52.67,49.68
2014-08-25,40.23,101.79,136.15,55.38,77.03,42.41,81.04,72.44,52.75,49.35
2014-08-26,39.55,101.42,136.13,55.68,76.85,42.4,81.3,71.79,52.0,49.5
2014-08-27,39.36,101.02,136.47,55.85,76.97,42.73,81.46,71.53,51.65,49.37
2014-08-28,38.71,101.59,137.59,55.52,76.31,42.43,80.59,71.23,50.95,49.49
2014-08-29,39.1,102.86,137.43,55.75,77.0,42.41,81.32,71.77,51.67,49.76
2014-09-02,39.0,103.06,137.14,55.43,77.51,42.17,80.95,72.06,51.1,49.98
2014-09-03,39.73,103.1,138.42,55.16,77.51,42.4,81.55,72.55,50.39,50.32
2014-09-04,39.37,98.85,138.3,55.36,77.32,42.8,82.14,72.63,50.25,49.92
2014-09-05,38.51,98.8,138.01,55.49,77.18,42.88,81.7,72.6,50.4,50.06
2014-09-08,37.96,99.3,137.47,55.78,77.92,42.88,81.75,72.87,50.07,50.29
2014-09-09,37.63,99.08,136.39,55.53,78.22,42.83,81.7,73.58,49.93,50.53
2014-09-10,37.93,98.01,136.07,56.9,78.15,42.98,80.95,72.25,49.69,50.5
2014-09-11,38.73,100.41,135.01,57.0,77.52,42.69,81.06,72.03,49.32,50.62
2014-09-12,38.09,101.21,134.76,57.85,77.35,42.62,81.3,72.4,49.68,50.84
2014-09-15,37.6,102.81,133.71,57.75,76.99,42.61,80.99,70.63,49.23,50.45
2014-09-16,37.0,99.8,133.39,57.63,76.47,42.71,79.84,70.01,48.65,50.44
2014-09-17,37.92,101.27,135.31,58.89,77.25,42.94,80.07,68.03,49.0,51.17
2014-09-18,37.7,101.93,134.43,59.6,76.81,43.49,80.08,67.28,49.79,51.3
2014-09-19,38.06,102.29,133.73,59.84,77.47,43.96,80.64,68.12,50.64,52.32
2014-09-22,37.0,101.8,131.0,59.23,77.35,43.59,79.92,66.7,49.75,51.56
2014-09-23,35.04,100.6,130.7,56.8,76.72,42.71,79.22,67.11,49.46,51.2
2014-09-24,35.47,102.16,129.51,57.66,76.92,42.45,77.95,67.77,49.72,50.79
2014-09-25,35.88,100.51,130.62,58.47,77.71,42.42,79.97,68.85,49.94,51.34
2014-09-26,35.25,98.53,128.68,58.54,77.41,42.13,79.23,67.49,49.73,50.58
2014-09-29,35.35,98.65,128.3,58.14,77.05,41.67,78.26,67.69,49.69,50.49
2014-09-30,35.05,100.81,130.84,58.26,77.65,41.8,79.8,69.49,49.82,51.25
2014-10-01,34.72,100.59,129.89,57.93,78.21,42.05,81.18,69.13,49.35,51.17
2014-10-02,34.47,99.27,130.2,57.54,76.61,41.22,79.49,67.83,48.24,50.5
2014-10-03,34.66,99.44,133.76,57.42,77.11,41.41,80.0,67.59,47.97,50.72
2014-10-06,36.31,99.95,136.34,58.59,78.07,42.04,80.4,68.56,47.8,51.2
2014-10-07,34.75,99.43,134.34,57.6,77.2,42.09,80.51,67.4,46.79,50.4
2014-10-08,34.53,98.76,134.24,56.54,76.37,41.44,78.41,66.0,46.1,49.5
2014-10-09,33.5,101.54,135.72,58.52,77.89,42.19,79.94,67.83,47.75,47.89
2014-10-10,31.55,100.69,133.35,55.99,77.35,41.47,78.41,65.37,44.3,47.08
2014-10-13,31.07,101.33,133.41,54.88,76.94,41.47,76.84,63.01,43.43,46.36
2014-10-14,29.29,100.39,131.35,53.59,76.25,41.0,76.64,62.17,43.93,44.87
2014-10-15,30.22,97.97,131.76,52.33,75.79,40.38,74.2,59.61,42.76,42.31
2014-10-16,30.63,95.55,131.52,55.8,75.38,39.34,74.93,60.72,43.44,42.53
2014-10-17,33.88,97.5,133.84,53.78,75.47,40.35,76.83,63.46,44.99,43.67
2014-10-20,34.19,98.315,135.5,52.56,75.87,40.85,75.68,64.25,44.75,44.45
2014-10-21,36.14,103.02,140.85,55.3,76.2,41.91,76.83,64.84,45.89,45.61
2014-10-22,38.05,102.84,141.71,56.96,76.9,42.5,78.1,66.31,46.9,45.84
2014-10-23,37.43,104.08,141.15,58.1,77.32,42.0,78.22,65.62,46.57,46.27
2014-10-24,38.6,105.18,141.25,59.34,77.71,42.34,78.1,66.26,46.7,45.58
2014-10-27,39.6,104.85,142.16,60.35,78.34,42.43,78.03,66.84,46.68,45.51
2014-10-28,40.11,105.4,145.0,60.76,79.98,42.22,79.28,67.45,46.77,44.98
2014-10-29,40.07,106.65,146.33,60.99,79.58,43.93,79.47,68.21,46.93,45.77
2014-10-30,39.91,106.959,144.71,60.0,87.95,42.7,83.83,67.23,47.29,45.73
2014-10-31,41.1,108.01,147.25,63.06,85.06,44.05,81.08,69.89,48.71,47.0
2014-11-03,41.44,108.22,148.16,63.66,85.81,43.56,81.03,69.93,49.72,47.24
2014-11-04,42.83,109.36,147.09,63.21,86.63,43.02,80.89,69.95,49.6,49.05
2014-11-05,43.32,109.1,149.27,63.49,88.83,43.93,81.5,71.53,49.78,50.45
2014-11-06,42.59,108.6,138.5,62.75,87.96,43.6,82.19,71.59,50.0,50.35
2014-11-07,43.14,108.75,145.88,62.31,87.8,43.77,83.24,72.35,50.4,49.89
2014-11-10,42.5,109.02,142.23,61.99,87.02,43.35,83.16,71.63,50.16,50.69
2014-11-11,44.0,108.7,145.0,63.69,87.71,44.12,84.13,71.81,50.39,50.91
2014-11-12,43.25,109.38,144.71,63.56,87.95,44.19,83.83,71.35,50.02,50.98
2014-11-13,43.54,111.8,146.45,64.25,88.54,44.28,84.03,71.65,50.43,51.0
2014-11-14,44.0,113.15,146.8,63.98,88.87,44.59,84.27,71.7,50.34,50.92
2014-11-17,43.97,114.27,145.21,64.08,88.83,43.71,84.43,70.98,50.34,51.26
2014-11-18,43.755,113.94,145.44,64.78,89.0,43.8,84.65,69.86,50.31,51.91
2014-11-19,44.83,115.44,146.0,65.88,89.44,43.79,84.06,71.01,51.42,52.0
2014-11-20,43.65,114.91,144.21,65.04,89.19,43.3,83.48,70.33,50.35,51.94
2014-11-21,44.38,117.51,146.06,66.41,89.0,44.15,84.32,72.0,51.95,53.06
2014-11-24,43.72,116.85,145.74,67.4,89.21,43.59,83.99,71.52,51.96,52.74
2014-11-25,43.18,119.07,146.0,67.64,90.04,44.31,84.8,71.2,51.74,52.86
2014-11-26,44.31,117.94,145.86,68.34,90.22,44.16,85.28,72.08,52.53,53.03
2014-11-28,47.0,119.27,146.0,69.0,90.49,44.45,85.29,73.13,54.95,53.38
2014-12-01,49.0,118.81,146.41,69.08,90.64,44.27,85.88,73.64,54.48,52.66
2014-12-02,48.12,113.5,146.71,68.88,90.93,44.68,85.85,74.0,54.54,52.74
2014-12-03,47.74,115.75,148.44,69.17,91.99,45.22,86.4,73.64,54.95,53.33
2014-12-04,49.6,115.77,152.42,68.35,91.87,45.66,86.41,73.09,56.46,53.27
2014-12-05,50.09,115.99,154.21,69.52,92.38,45.43,86.31,73.16,56.75,52.75
2014-12-08,50.44,114.1,154.89,69.81,92.01,45.35,84.17,72.4,56.95,53.3
2014-12-09,49.1,110.19,152.01,68.21,91.45,45.33,84.17,71.34,55.83,52.29
2014-12-10,49.8,114.41,158.16,69.44,91.92,45.33,85.2,71.56,56.36,52.72
2014-12-11,49.8,112.26,157.34,66.48,91.93,44.51,84.38,70.1,57.99,51.5
2014-12-12,51.675,110.46,158.92,66.53,91.88,44.12,83.41,74.17,55.52,50.46
2014-12-15,50.21,110.7,161.7,65.75,91.55,44.16,82.13,75.66,56.01,50.11
2014-12-16,51.01,106.37,161.0,65.11,90.19,43.23,82.0,72.87,55.43,50.05
2014-12-17,48.26,107.12,157.28,65.5,89.82,43.47,83.0,72.5,54.85,49.39
2014-12-18,48.56,111.87,161.05,67.86,91.12,44.71,88.12,75.41,56.82,50.25
2014-12-19,49.67,112.26,160.71,67.69,92.04,45.91,90.15,75.0,57.03,51.41
2014-12-22,51.1,112.16,160.22,68.04,92.26,45.93,90.08,74.38,56.88,52.4
2014-12-23,50.95,113.23,160.51,67.23,92.4,46.13,91.35,74.65,57.5,52.89
2014-12-24,50.66,112.58,161.44,64.75,91.65,45.74,91.48,74.49,56.9,53.16
2014-12-26,51.46,112.1,160.28,66.51,91.54,45.81,91.4,74.74,56.8,53.09
2014-12-29,51.65,113.79,160.18,66.58,91.26,45.59,90.9,74.56,56.2,53.25
2014-12-30,53.0,113.64,161.21,66.77,91.47,45.61,90.5,73.63,55.84,53.15
2014-12-31,53.9,112.82,160.64,66.72,91.57,45.7,90.18,73.4,55.94,52.9
2015-01-02,54.28,111.39,160.85,65.62,90.61,45.25,89.67,72.7,55.68,52.2
2015-01-05,54.37,108.29,158.17,65.5,90.07,44.8,88.04,72.21,55.4,51.45
2015-01-06,54.27,106.54,156.56,65.62,90.14,44.99,87.5,71.95,54.73,50.46
2015-01-07,53.38,107.2,157.61,64.57,90.98,44.73,87.16,70.77,53.49,49.7
2015-01-08,53.48,109.23,163.36,68.16,91.74,45.19,89.0,71.4,54.39,49.29
2015-01-09,53.67,112.67,159.95,66.69,92.44,45.75,89.95,72.89,54.99,49.47
2015-01-12,51.06,112.6,160.13,66.34,93.77,45.38,89.11,72.13,54.62,49.0
2015-01-13,50.12,111.43,159.62,65.72,91.87,45.34,89.77,71.95,54.69,48.33
2015-01-14,49.41,109.04,151.9,62.62,91.42,44.29,89.54,69.88,53.42,47.67
2015-01-15,49.135,110.0,151.17,64.0,92.15,44.5,89.01,71.71,53.7,47.34
2015-01-16,49.38,107.03,148.0,62.95,91.14,43.8,87.75,70.03,52.46,47.1
2015-01-20,51.0,107.84,150.04,65.06,93.01,44.67,88.89,71.79,54.19,47.19
2015-01-21,52.65,108.95,152.49,63.1,92.38,43.96,88.35,71.16,54.24,47.1
2015-01-22,54.52,110.26,154.4,63.2,93.23,44.34,88.72,71.9,54.71,47.99
2015-01-23,55.4,112.3,156.99,63.66,94.38,44.48,89.51,73.44,54.86,47.91
2015-01-26,55.89,113.74,155.75,62.26,94.85,43.74,89.04,72.61,54.65,47.68
2015-01-27,53.99,112.42,158.09,62.33,95.17,43.88,87.95,71.71,53.92,47.96
2015-01-28,52.79,117.625,159.49,63.44,98.8,43.94,86.93,71.54,53.87,48.3
2015-01-29,51.045,116.32,159.69,62.12,96.87,43.79,84.95,70.03,52.99,47.57
2015-01-30,52.02,118.4,159.56,62.09,96.18,45.4,85.12,71.32,52.82,47.63
2015-02-02,48.58,118.05,159.0,61.49,95.57,44.93,84.42,70.44,52.1,46.79
2015-02-03,47.3,118.5,157.21,61.6,95.67,45.41,86.25,71.54,52.59,47.36
2015-02-04,48.62,118.5,156.76,58.95,95.62,45.55,89.18,71.79,53.64,48.4
2015-02-05,49.46,120.02,157.74,57.545,96.27,45.26,88.11,72.47,53.8,46.55
2015-02-06,48.84,120.02,160.4,57.71,96.95,45.59,88.6,73.18,54.87,48.7
2015-02-09,46.41,118.55,161.62,55.67,96.97,45.21,87.51,72.09,54.71,47.42
2015-02-10,47.4,120.17,160.82,55.93,96.34,44.68,87.74,72.94,54.75,47.91
2015-02-11,48.79,122.77,163.5,57.36,97.01,44.88,87.52,72.78,55.53,47.23
2015-02-12,46.75,126.06,155.0,57.4,98.83,45.04,88.06,73.6,56.36,46.8
2015-02-13,47.53,127.28,151.02,57.35,99.68,45.05,89.09,74.98,56.84,47.34
2015-02-17,48.77,127.49,149.91,58.95,100.21,46.05,89.63,76.67,56.5,48.14
2015-02-18,48.6,127.625,149.65,59.15,100.21,46.26,89.0,77.02,58.4,47.67
2015-02-19,50.78,128.48,153.18,58.92,100.52,46.36,89.53,77.42,58.41,47.5
2015-02-20,49.81,128.62,152.64,59.61,101.02,46.53,90.02,77.76,58.62,47.72
2015-02-23,51.75,130.02,155.59,61.54,101.98,47.33,90.6,78.65,58.95,48.25
2015-02-24,50.29,132.94,157.35,60.85,102.76,47.27,90.17,78.03,58.9,48.21
2015-02-25,51.3,131.56,156.5,61.1,102.97,47.55,90.64,77.76,59.31,48.59
2015-02-26,50.38,128.785,156.25,60.35,102.93,47.32,90.82,78.32,59.06,48.28
2015-02-27,49.0,130.0,155.74,60.53,103.08,47.48,90.05,79.24,59.0,47.49
2015-03-02,48.2,129.25,154.71,60.3,102.57,47.34,89.76,79.14,58.81,47.82
2015-03-03,47.9,128.96,155.39,60.35,103.41,47.14,91.18,79.63,59.54,47.52
2015-03-04,48.85,129.1,153.97,59.32,102.53,46.87,90.83,78.71,58.33,47.37
2015-03-05,49.19,128.58,151.82,57.21,103.74,46.88,91.31,77.6,58.56,47.3
2015-03-06,48.33,128.4,151.71,56.95,103.19,47.18,91.62,78.19,58.29,47.0
2015-03-09,48.05,127.96,149.0,55.93,102.47,46.5,90.73,77.76,57.97,46.21
2015-03-10,47.5,126.41,146.8,55.22,102.62,46.42,89.96,77.25,57.82,45.92
2015-03-11,46.9,124.75,146.97,56.19,103.4,46.39,88.29,75.91,57.42,45.68
2015-03-12,47.57,122.31,146.88,56.78,104.0,46.47,87.03,76.14,56.81,45.8
2015-03-13,48.75,124.4,149.2,58.12,105.26,47.21,88.18,77.18,57.31,46.42
2015-03-16,49.77,123.88,149.96,58.46,108.13,47.12,88.32,78.21,57.81,46.36
2015-03-17,52.63,125.9,151.02,58.72,109.94,47.43,88.35,78.22,58.42,46.3
2015-03-18,53.69,127.0,149.56,59.76,110.45,46.87,88.8,75.5,58.55,46.22
2015-03-19,54.57,128.75,149.06,60.09,111.88,47.46,90.89,76.48,59.43,47.05
2015-03-20,55.19,128.25,149.4,61.5,112.98,47.66,90.89,77.67,60.38,46.69
2015-03-23,55.47,127.12,151.06,60.05,113.74,47.47,91.38,77.11,60.68,47.07
2015-03-24,54.04,127.23,148.9,60.65,113.64,47.31,91.49,76.11,60.27,47.2
2015-03-25,53.62,126.54,150.87,60.08,113.9,47.04,89.41,75.5,60.34,47.16
2015-03-26,50.84,122.76,147.63,57.98,111.5,46.41,91.51,72.43,56.92,46.57
2015-03-27,51.38,124.57,149.67,57.63,112.33,46.61,93.92,72.72,57.46,46.28
2015-03-30,53.24,124.05,152.29,57.93,113.7,47.0,94.15,73.51,62.1,46.76
2015-03-31,53.66,126.09,151.8,58.01,113.42,46.83,94.01,73.11,64.18,47.06
2015-04-01,51.1,124.82,147.78,58.48,113.93,46.33,93.56,73.61,62.83,47.45
2015-04-02,50.48,125.03,143.95,57.44,112.16,46.11,93.7,75.17,62.3,47.47
2015-04-06,48.35,124.47,143.77,56.81,111.99,45.8,93.46,75.13,61.59,47.36
2015-04-07,48.3,127.64,146.05,58.25,112.91,46.3,95.64,76.07,62.71,48.39
2015-04-08,47.8,125.85,146.96,58.5,112.77,46.21,95.46,75.68,63.13,48.19
2015-04-09,48.86,125.85,148.31,59.2,113.31,46.5,95.4,75.62,63.32,48.17
2015-04-10,48.16,125.95,148.67,60.5,113.4,46.98,95.45,76.3,64.28,47.97
2015-04-13,47.47,128.37,149.97,61.81,115.31,46.78,94.34,76.44,64.25,47.9
2015-04-14,47.49,127.0,148.77,61.4,114.34,46.51,93.57,76.02,63.63,47.95
2015-04-15,48.0,126.41,149.45,62.1,114.2,46.81,94.27,76.09,62.93,48.28
2015-04-16,47.81,126.28,149.13,61.8,113.41,46.61,93.91,75.41,63.52,48.19
2015-04-17,47.96,125.55,149.01,62.12,113.21,46.29,93.29,74.38,63.36,47.85
2015-04-20,48.61,125.57,149.83,62.91,112.96,46.42,92.99,73.42,63.67,48.35
2015-04-21,50.0,128.1,153.28,63.89,113.89,46.94,93.91,74.31,64.15,48.32
2015-04-22,51.4,126.99,152.23,63.6,113.85,47.25,93.34,74.68,64.74,47.93
2015-04-23,51.07,128.3,153.65,65.26,113.81,48.35,93.38,75.08,63.04,47.93
2015-04-24,51.98,130.49,144.82,64.31,115.1,48.36,93.29,76.41,63.58,48.39
2015-04-27,52.68,132.31,148.99,66.02,115.88,48.28,94.03,76.84,62.02,48.35
2015-04-28,51.7,134.455,145.0,64.6,114.0,47.62,93.6,76.34,62.68,48.45
2015-04-29,50.58,130.16,144.5,65.7,113.69,47.28,94.25,75.61,63.05,48.69
2015-04-30,48.5,127.5,144.43,65.39,117.39,46.93,93.23,76.4,62.55,48.88
2015-05-01,48.65,126.1,143.09,65.09,115.12,46.71,93.32,76.29,62.35,48.91
2015-05-04,49.41,129.5,145.25,64.32,114.67,46.78,93.84,76.43,63.63,49.78
2015-05-05,48.21,128.15,145.45,64.2,115.62,47.02,94.44,75.35,63.04,50.42
2015-05-06,46.78,126.56,144.32,64.11,114.9,46.85,93.66,75.08,62.07,50.45
2015-05-07,47.4,124.77,144.39,63.59,114.28,46.44,92.93,74.4,61.83,50.14
2015-05-08,49.23,126.68,145.46,65.1,114.54,47.1,95.57,75.28,62.75,50.79
2015-05-11,49.0,127.39,144.98,65.19,115.14,47.28,95.5,76.32,62.75,51.09
2015-05-12,49.11,125.6,144.74,64.75,114.5,47.03,95.31,76.26,62.24,51.25
2015-05-13,49.27,126.15,147.0,64.98,115.47,47.2,95.6,76.6,62.25,52.16
2015-05-14,48.94,127.41,150.0,65.86,114.4,47.38,96.14,77.64,62.97,52.51
2015-05-15,49.41,129.07,149.57,65.93,114.86,48.56,96.83,80.0,63.89,52.79
2015-05-18,48.56,128.38,150.99,65.79,113.36,48.78,96.61,78.69,63.23,52.8
2015-05-19,49.45,130.69,152.65,65.71,113.54,48.78,97.71,79.75,63.8,52.88
2015-05-20,47.56,130.0,152.76,65.92,115.1,49.08,97.33,79.57,64.2,52.53
2015-05-21,43.19,130.07,144.19,65.45,114.5,49.06,96.78,79.54,66.0,52.33
2015-05-22,42.7,131.6,157.42,65.48,113.76,49.1,96.5,80.34,65.54,52.77
2015-05-26,43.05,132.6,160.07,65.72,113.88,49.1,96.87,79.91,66.95,52.59
2015-05-27,41.65,130.34,158.29,66.75,112.91,48.87,96.31,79.55,66.57,52.16
2015-05-28,42.25,131.86,157.25,67.42,113.15,48.88,96.7,80.17,68.35,53.0
2015-05-29,41.68,131.23,155.31,67.22,113.22,49.18,96.78,79.89,68.5,52.81
2015-06-01,42.61,131.2,154.28,66.8,112.81,48.77,96.18,79.5,68.41,52.89
2015-06-02,43.3,129.86,153.26,66.7,112.55,48.65,95.96,79.7,68.69,52.94
2015-06-03,43.35,130.66,155.72,66.9,112.35,48.96,96.77,79.93,68.08,52.93
2015-06-04,43.05,129.58,155.73,66.55,111.47,48.98,96.08,79.86,66.92,52.05
2015-06-05,42.13,129.5,156.27,66.98,111.21,48.59,95.91,78.64,66.95,51.27
2015-06-08,41.07,128.9,157.25,67.86,111.31,48.37,95.16,78.9,67.43,51.15
2015-06-09,38.8,126.7,156.4,67.52,110.74,48.52,95.26,77.88,66.07,51.09
2015-06-10,40.21,127.92,158.55,67.66,109.04,48.36,95.3,78.18,66.08,51.07
2015-06-11,40.79,129.18,160.31,68.67,108.92,48.7,96.66,79.81,67.74,52.17
2015-06-12,39.84,128.185,160.29,67.89,111.0,48.91,96.31,79.33,66.75,51.79
2015-06-15,40.35,126.1,160.12,66.66,109.77,48.3,95.09,79.17,65.75,51.42
2015-06-16,40.13,127.03,158.41,66.72,110.68,48.07,95.88,78.93,66.55,51.34
2015-06-17,39.27,127.72,159.12,66.97,111.38,48.5,96.99,79.5,66.82,51.04
2015-06-18,39.8,127.23,159.67,67.79,111.5,48.69,97.06,77.82,67.6,51.17
2015-06-19,40.3,127.71,159.64,68.5,111.72,49.9,96.98,79.41,68.34,51.25
2015-06-22,42.92,127.49,161.02,69.85,112.58,49.96,97.63,80.0,68.34,51.73
2015-06-23,42.98,127.48,163.71,70.01,112.18,50.22,99.04,82.17,68.04,52.19
2015-06-24,42.7,127.21,164.0,70.52,111.5,49.59,98.01,83.22,67.46,51.91
2015-06-25,42.65,128.86,163.46,69.67,109.49,49.65,100.205,83.82,67.06,51.62
2015-06-26,42.44,127.67,164.98,69.95,108.07,49.47,99.97,84.22,66.37,50.64
2015-06-29,40.77,125.46,163.08,69.27,106.81,49.54,98.14,81.22,65.41,49.34
2015-06-30,40.2,125.57,160.41,68.0,106.3,49.51,97.69,82.19,64.34,48.87
2015-07-01,40.65,126.9,160.59,67.9,107.17,49.4,97.74,81.57,65.08,48.71
2015-07-02,39.02,126.43,163.58,68.68,107.71,49.8,98.29,81.19,64.58,48.82
2015-07-06,39.09,124.94,161.37,67.53,106.47,49.02,96.44,80.02,63.85,48.16
2015-07-07,39.93,125.89,164.74,68.42,108.74,49.96,97.8,80.77,63.47,48.11
2015-07-08,40.3,124.48,162.63,67.79,107.54,49.74,99.45,79.95,62.8,47.97
2015-07-09,39.84,123.85,161.29,68.48,108.97,49.8,98.8,80.74,62.82,47.75
2015-07-10,40.51,121.94,163.95,68.94,109.74,49.63,98.73,81.5,61.4,47.72
2015-07-13,41.96,125.03,165.05,69.42,110.52,50.0,99.35,81.09,62.06,47.55
2015-07-14,42.04,126.04,169.39,69.71,109.99,49.81,100.01,81.67,62.0,47.5
2015-07-15,41.39,125.72,167.21,69.81,110.67,49.84,100.56,82.2,62.24,47.77
2015-07-16,41.81,127.74,168.91,70.14,111.0,49.82,100.55,82.65,62.51,47.86
2015-07-17,41.45,129.08,169.07,69.99,111.85,49.52,101.56,82.17,62.82,47.7
2015-07-20,41.55,130.97,169.7,70.0,113.23,50.01,100.7,82.0,62.61,48.04
2015-07-21,40.5,132.85,168.54,70.81,114.65,49.91,100.37,81.8,61.9,47.98
2015-07-22,40.96,121.99,167.48,70.26,114.01,49.87,100.31,81.38,58.73,47.44
2015-07-23,42.78,126.2,169.05,70.25,110.62,51.33,102.5,80.8,58.99,47.7
2015-07-24,43.0,125.32,168.66,67.53,109.77,50.85,102.17,81.0,60.37,47.9
2015-07-27,39.63,123.09,167.53,68.46,108.13,50.64,100.66,80.53,58.22,46.93
2015-07-28,40.18,123.38,169.08,69.5,107.8,51.09,100.91,80.07,58.27,47.41
2015-07-29,41.09,123.15,170.65,71.29,107.79,50.98,101.69,80.07,58.87,47.93
2015-07-30,40.58,122.32,172.98,70.86,107.49,50.95,102.06,79.9,58.66,47.71
2015-07-31,40.53,122.6,173.44,70.38,104.58,51.07,103.0,81.8,59.05,48.11
2015-08-03,40.24,121.5,174.93,70.19,105.75,50.89,103.17,82.18,58.43,47.42
2015-08-04,42.15,117.42,174.3,70.04,106.16,50.75,103.21,81.43,58.53,47.53
2015-08-05,42.85,112.95,175.52,70.1,106.65,50.98,105.0,82.78,59.14,48.72
2015-08-06,43.25,115.97,175.59,70.37,107.37,50.52,104.3,83.47,60.32,48.4
2015-08-07,42.21,114.58,172.76,69.08,104.51,50.4,103.03,81.87,58.81,47.77
2015-08-10,41.75,116.53,174.87,68.92,105.04,50.42,104.31,83.39,59.95,46.7
2015-08-11,41.74,117.81,172.74,68.5,104.24,50.18,104.79,84.06,60.61,46.2
2015-08-12,42.37,112.53,170.69,67.83,104.19,50.43,102.78,83.16,58.78,45.69
2015-08-13,42.76,116.04,173.9,68.68,104.73,50.02,104.04,83.82,59.66,46.88
2015-08-14,42.35,114.32,188.49,68.56,103.98,49.82,103.0,83.96,58.85,47.23
2015-08-17,42.96,116.04,187.24,68.71,103.75,50.01,103.33,86.0,58.47,46.48
2015-08-18,44.06,116.43,186.22,69.42,104.36,50.31,103.64,86.98,58.99,47.31
2015-08-19,43.53,116.1,185.28,68.75,104.52,50.14,104.03,86.12,60.73,47.4
2015-08-20,42.84,114.08,187.48,68.0,105.1,49.4,102.18,84.66,57.26,46.23
2015-08-21,41.4,110.43,182.13,66.74,102.48,48.03,99.37,81.94,53.35,45.84
2015-08-24,36.0,94.87,173.26,61.17,93.0,44.51,91.34,75.0,51.49,42.84
2015-08-25,39.39,111.11,177.49,65.11,100.62,44.87,95.42,77.02,53.3,44.39
2015-08-26,38.77,107.085,173.94,62.47,99.39,43.86,94.33,76.14,51.89,43.9
2015-08-27,39.17,112.25,172.81,64.03,101.47,45.6,96.21,78.41,54.75,44.27
2015-08-28,38.93,112.17,175.5,63.91,101.34,45.61,95.36,78.42,56.1,44.68
2015-08-31,38.63,112.13,175.91,64.14,100.87,45.91,95.21,79.38,56.32,44.45
2015-09-01,38.63,110.18,172.53,61.0,97.55,44.22,91.88,77.07,54.25,43.98
2015-09-02,40.0,110.0,173.72,61.18,100.51,44.4,93.59,77.0,54.68,43.8
2015-09-03,41.84,112.49,175.17,61.45,100.9,44.52,95.01,77.6,55.25,43.87
2015-09-04,40.4,108.97,171.82,60.65,100.66,43.5,94.31,76.99,54.08,43.35
2015-09-08,41.28,111.65,174.73,60.22,100.8,43.66,96.27,78.64,55.99,43.71
2015-09-09,41.15,113.76,176.1,61.52,101.14,44.36,97.42,80.79,57.94,44.16
2015-09-10,41.39,110.27,174.39,59.36,100.65,43.02,95.39,78.63,55.99,42.82
2015-09-11,41.22,111.79,173.71,59.62,101.88,43.13,96.59,78.44,55.6,42.98
2015-09-14,42.17,116.58,175.1,59.43,104.82,43.6,97.41,79.35,57.28,42.9
2015-09-15,42.36,115.93,175.03,58.98,104.72,43.28,97.0,78.61,57.56,43.21
2015-09-16,42.4,116.25,175.92,59.5,105.51,43.78,98.22,79.51,58.54,43.66
2015-09-17,43.11,115.66,178.39,59.56,106.44,43.85,98.96,80.45,58.38,44.18
2015-09-18,43.43,112.21,176.4,59.42,105.91,43.64,94.79,78.54,57.12,43.46
2015-09-21,43.72,113.67,174.32,61.24,106.58,43.65,98.05,81.42,56.88,43.5
2015-09-22,42.77,113.38,173.68,58.17,104.34,42.83,97.13,81.98,55.9,42.8
2015-09-23,41.32,113.63,174.36,57.9,103.2,42.5,97.82,84.92,55.58,42.41
2015-09-24,41.15,113.25,175.19,56.93,102.43,42.0,95.77,85.07,54.53,41.86
2015-09-25,40.93,116.44,175.84,57.84,102.39,42.23,98.36,84.71,54.53,42.5
2015-09-28,39.87,113.85,176.53,55.39,99.34,40.74,96.53,82.88,54.27,42.14
2015-09-29,39.05,112.83,171.27,53.1,96.19,39.26,96.09,80.52,53.48,41.2
2015-09-30,39.18,110.17,183.49,53.54,96.08,39.84,97.64,80.88,55.02,41.49
2015-10-01,38.5,109.07,190.28,54.68,94.99,40.35,98.47,82.42,56.35,41.69
2015-10-02,38.75,108.01,189.81,53.87,92.34,40.25,97.08,82.21,54.0,41.06
2015-10-05,38.9,109.88,193.56,56.39,95.34,41.62,99.97,84.8,56.18,42.7
2015-10-06,39.95,110.63,191.34,56.26,95.47,41.25,101.5,85.6,57.38,43.55
2015-10-07,38.41,111.74,191.4,54.85,93.35,40.53,102.0,82.2,57.6,43.91
2015-10-08,39.21,110.19,190.4,55.13,93.06,40.35,102.51,80.45,57.95,44.28
2015-10-09,40.27,110.0,186.88,56.18,93.23,41.07,105.11,82.41,57.57,45.07
2015-10-12,42.59,112.73,189.75,55.8,93.02,41.63,104.69,83.66,56.78,45.33
2015-10-13,42.7,110.82,190.85,55.17,93.88,40.97,103.0,83.32,56.07,45.17
2015-10-14,44.0,111.29,190.45,54.09,94.0,40.97,102.22,84.0,56.91,44.85
2015-10-15,44.1,110.93,188.07,54.32,93.16,41.07,103.05,84.19,61.5,45.18
2015-10-16,43.95,111.78,191.84,56.29,94.62,42.2,103.0,87.17,61.31,45.65
2015-10-19,43.83,110.8,190.78,56.29,94.97,42.11,102.78,88.15,59.94,45.82
2015-10-20,44.54,111.34,191.78,56.15,94.62,42.08,103.34,88.15,60.31,45.81
2015-10-21,44.49,114.0,194.5,55.28,93.45,42.54,103.97,87.22,61.02,45.74
2015-10-22,44.89,114.33,192.89,53.88,92.88,42.41,102.9,86.56,63.28,45.51
2015-10-23,46.37,116.7,193.71,49.41,93.65,43.52,107.3,89.0,64.04,46.93
2015-10-26,45.36,118.08,192.82,50.17,93.06,43.58,107.87,87.91,63.25,46.81
2015-10-27,46.41,115.4,192.25,52.01,93.93,43.54,107.55,88.65,60.83,46.21
2015-10-28,46.2,116.93,194.01,52.82,97.68,43.96,107.89,88.44,62.5,46.17
2015-10-29,45.63,118.7,194.64,53.2,97.27,44.93,109.07,88.26,59.96,46.64
2015-10-30,45.77,120.99,197.66,57.87,97.27,45.19,108.05,87.99,60.21,45.65
2015-11-02,46.2,119.87,199.14,61.6,97.51,44.88,107.08,89.03,60.06,45.81
2015-11-03,47.02,120.79,200.15,63.12,97.44,45.36,107.03,89.59,60.22,43.33
2015-11-04,46.42,123.13,198.77,62.43,97.67,45.72,107.33,90.34,60.61,43.06
2015-11-05,45.7,121.85,199.96,63.7,97.8,45.09,106.52,91.5,60.83,42.95
2015-11-06,45.51,121.11,201.24,62.25,98.01,44.89,105.32,90.07,60.42,42.79
2015-11-09,45.17,120.96,198.71,63.62,97.33,45.47,105.23,90.24,61.53,41.89
2015-11-10,44.66,116.9,193.77,63.33,97.5,45.09,104.58,89.56,59.57,41.3
2015-11-11,44.76,116.37,194.37,62.2,99.41,45.86,105.3,90.68,60.34,40.84
2015-11-12,44.29,116.26,173.75,60.79,96.29,44.81,104.82,91.08,59.72,40.22
2015-11-13,43.67,115.2,163.31,60.01,96.59,43.45,104.0,90.95,59.46,38.41
2015-11-16,42.41,111.38,161.0,59.74,96.86,43.9,103.69,89.66,58.08,37.59
2015-11-17,43.0,114.92,165.09,60.1,97.73,44.89,106.4,89.96,58.49,38.34
2015-11-18,42.32,115.76,164.37,60.26,99.07,44.97,106.91,90.31,59.33,37.42
2015-11-19,41.94,117.64,164.19,61.22,100.33,45.72,107.88,91.52,60.39,37.41
2015-11-20,42.4,119.2,162.86,60.94,99.6,46.03,107.58,92.33,60.21,36.53
2015-11-23,42.11,119.27,162.68,61.31,99.0,46.03,107.97,91.82,58.9,35.81
2015-11-24,41.02,117.33,160.82,60.56,98.16,45.11,107.39,91.14,59.38,36.47
2015-11-25,41.35,119.21,164.0,61.1,99.0,45.38,107.69,92.3,60.46,36.01
2015-11-27,41.38,118.29,164.88,60.17,99.02,45.42,107.06,91.86,60.23,36.43
2015-11-30,41.75,117.99,164.69,59.96,99.08,45.44,107.58,92.41,60.39,36.53
2015-12-01,41.47,118.75,162.99,58.23,98.84,45.22,107.29,92.01,62.09,36.8
2015-12-02,44.09,117.05,162.21,59.17,99.83,45.43,107.91,92.52,61.33,36.6
2015-12-03,43.65,116.55,158.1,57.71,99.01,45.36,107.54,91.97,61.4,36.48
2015-12-04,43.82,115.29,155.06,56.5,99.12,44.41,106.29,90.13,57.76,35.67
2015-12-07,45.35,118.98,155.68,57.9,99.92,45.57,109.13,92.56,59.22,35.97
2015-12-08,45.1,117.52,150.61,55.56,99.65,45.32,107.47,89.22,58.08,35.16
2015-12-09,44.3,117.64,149.75,56.28,99.53,45.39,108.56,91.04,58.0,35.01
2015-12-10,43.79,116.04,153.17,56.0,100.93,45.08,107.29,90.41,56.67,35.41
2015-12-11,43.28,115.19,149.22,55.17,101.49,44.77,106.46,92.51,56.29,34.6
2015-12-14,42.26,112.18,148.73,53.71,102.2,44.45,105.69,91.71,56.88,34.19
2015-12-15,41.97,111.94,148.35,56.15,103.02,45.2,107.28,93.98,55.85,34.44
2015-12-16,42.99,111.07,159.0,56.67,102.1,45.77,107.32,94.41,56.94,34.92
2015-12-17,43.33,112.02,161.13,57.66,101.69,46.09,107.0,95.7,57.44,35.33
2015-12-18,41.61,108.91,151.2,55.9,102.13,44.96,103.13,93.73,55.75,34.12
2015-12-21,41.35,107.28,150.81,56.0,102.17,44.05,102.92,92.16,55.83,35.23
2015-12-22,42.56,107.4,150.11,56.54,103.0,44.23,103.29,91.94,56.55,35.47
2015-12-23,42.78,107.27,148.43,57.88,103.15,44.73,104.06,94.42,56.36,36.65
2015-12-24,43.27,109.0,148.28,58.38,103.71,44.94,104.22,94.45,56.48,36.68
2015-12-28,43.62,107.59,148.44,58.27,103.85,44.92,103.64,93.79,56.67,36.66
2015-12-29,43.25,106.96,151.73,59.02,104.69,45.28,104.5,94.6,56.8,36.59
2015-12-30,43.64,108.58,152.2,59.4,104.94,45.85,105.3,95.19,57.17,37.0
2015-12-31,42.54,107.01,151.26,59.5,104.47,45.11,105.4,95.07,56.45,36.64
2016-01-04,41.29,102.61,149.25,58.06,102.31,43.94,102.62,91.77,54.24,36.11
2016-01-05,41.18,105.75,152.35,57.99,102.2,42.96,101.97,92.01,54.73,35.82
2016-01-06,40.05,100.56,149.68,56.37,101.46,42.31,100.81,91.1,53.07,35.72
2016-01-07,40.97,98.68,144.8,56.52,100.87,41.68,99.75,89.4,50.45,34.91
2016-01-08,40.94,98.55,149.03,57.55,99.16,41.86,99.48,89.68,50.74,34.76
2016-01-11,40.56,98.97,146.13,55.86,95.51,40.77,98.48,88.07,51.04,34.54
2016-01-12,41.15,100.55,147.52,54.47,94.45,40.99,99.96,89.89,51.55,34.56
2016-01-13,42.17,100.32,148.34,54.55,94.31,41.48,101.39,90.59,51.72,34.34
2016-01-14,40.21,97.96,142.18,51.32,92.79,40.34,99.12,88.92,50.54,33.42
2016-01-15,39.04,96.2,138.03,53.01,93.24,39.85,98.74,86.84,48.16,32.6
2016-01-19,39.59,98.41,145.09,57.53,93.29,41.1,100.16,90.29,50.33,31.94
2016-01-20,38.53,95.1,142.58,54.21,91.79,39.73,99.24,87.69,49.35,30.25
2016-01-21,38.93,97.06,143.24,57.29,90.9,40.18,99.04,88.64,51.51,31.26
2016-01-22,40.0,98.63,144.94,59.1,91.89,40.2,99.79,89.55,51.5,32.52
2016-01-25,40.02,101.52,144.99,59.03,91.99,40.03,102.21,88.39,51.27,32.9
2016-01-26,38.73,99.93,145.44,59.01,91.41,39.86,101.79,87.26,51.34,32.88
2016-01-27,40.15,96.04,151.15,58.36,91.29,39.95,102.67,87.27,51.03,33.5
2016-01-28,39.61,93.79,152.96,57.23,90.5,38.41,102.84,85.54,51.67,34.16
2016-01-29,37.52,94.79,149.87,53.42,87.55,36.69,103.37,85.55,52.07,34.86
2016-02-01,39.0,96.47,151.7,54.16,89.11,36.17,104.75,88.16,53.38,34.77
2016-02-02,38.83,95.42,154.38,53.64,88.6,38.0,105.27,88.71,52.04,33.52
2016-02-03,37.38,95.0,151.58,54.53,88.34,38.23,104.45,88.91,51.94,32.56
2016-02-04,37.34,95.86,147.46,56.74,80.51,37.78,102.22,87.82,51.21,33.44
2016-02-05,37.71,96.52,147.54,56.25,84.0,38.23,102.42,85.5,51.4,34.28
2016-02-08,36.08,93.13,142.77,52.58,83.89,37.19,96.65,77.4,49.25,34.4
2016-02-09,34.93,94.29,141.15,52.31,82.69,36.96,94.01,74.76,48.84,33.44
2016-02-10,36.57,95.92,141.13,54.11,85.44,37.58,94.43,74.99,49.71,33.61
2016-02-11,36.47,93.79,137.04,52.3,84.25,36.44,92.54,74.04,48.37,32.27
2016-02-12,36.92,94.19,139.54,52.53,84.6,36.7,94.43,75.99,49.6,31.69
2016-02-16,38.13,95.02,142.04,53.44,86.11,37.13,96.24,77.13,49.79,32.96
2016-02-17,38.95,96.67,147.17,54.34,86.06,38.37,97.74,79.4,51.12,33.74
2016-02-18,39.36,98.84,142.35,55.53,87.03,38.34,99.62,82.3,53.01,33.4
2016-02-19,39.16,96.0,143.52,54.5,86.74,38.32,98.31,80.32,51.88,33.66
2016-02-22,40.14,96.31,145.25,54.67,86.86,39.0,100.158,82.09,52.67,32.89
2016-02-23,40.56,96.4,148.44,55.7,87.69,38.91,100.34,83.41,52.46,33.77
2016-02-24,40.02,93.98,147.34,54.66,86.52,38.18,98.65,82.22,50.6,33.55
2016-02-25,40.76,96.05,150.8,55.17,87.55,39.22,99.96,84.76,53.06,34.04
2016-02-26,41.5,97.2,150.6,56.26,87.85,39.48,101.48,87.11,53.3,34.72
2016-02-29,40.77,96.86,150.0,55.87,87.27,39.34,100.68,86.01,53.46,34.79
2016-03-01,41.44,97.65,149.92,54.78,86.8,38.91,101.38,85.92,53.95,35.13
2016-03-02,41.47,100.51,152.44,56.17,87.43,39.35,103.48,88.12,54.72,35.28
2016-03-03,41.52,100.58,151.34,55.69,87.63,38.56,102.45,88.5,55.61,36.17
2016-03-04,42.17,102.37,154.07,56.0,88.17,38.85,103.09,87.93,55.67,36.9
2016-03-07,41.31,102.39,151.37,55.7,87.36,39.0,102.44,85.58,55.16,37.17
2016-03-08,41.3,100.78,150.59,56.18,88.33,38.95,101.75,84.25,55.98,37.03
2016-03-09,40.74,101.31,150.98,55.51,87.79,39.26,102.93,84.88,55.71,36.28
2016-03-10,42.11,101.41,153.8,56.56,88.01,39.41,103.64,85.06,55.46,36.11
2016-03-11,41.89,102.24,156.84,56.4,87.02,39.25,104.49,85.2,55.83,36.17
2016-03-14,42.31,101.91,157.53,57.67,89.06,40.31,105.1,86.11,55.57,36.4
2016-03-15,42.3,103.96,158.27,56.65,87.5,40.16,106.06,86.4,55.34,36.3
2016-03-16,41.81,104.61,158.46,55.58,86.29,40.14,107.24,86.7,55.72,36.38
2016-03-17,42.31,105.52,157.78,56.46,87.07,40.2,107.59,88.66,56.5,37.51
2016-03-18,42.31,106.34,158.27,55.59,86.12,40.36,108.73,98.0,57.87,38.33
2016-03-21,43.32,105.93,157.48,56.52,87.58,40.58,107.33,92.69,58.76,37.85
2016-03-22,42.0,105.25,157.98,55.75,87.27,40.5,107.72,92.06,58.68,37.9
2016-03-23,42.8,106.48,158.23,57.16,87.5,40.84,107.38,92.62,58.58,37.48
2016-03-24,41.88,105.47,160.99,56.14,86.86,40.64,108.79,91.5,58.05,36.3
2016-03-28,41.0,106.0,161.43,56.35,87.04,40.77,114.43,92.68,58.63,36.6
2016-03-29,40.9,104.89,161.59,56.1,86.55,40.75,113.5,91.79,58.05,36.44
2016-03-30,41.75,108.65,162.36,57.43,86.5,41.6,115.4,93.63,59.0,37.01
2016-03-31,41.5,109.72,162.48,57.02,87.13,41.65,115.1,93.76,58.91,36.69
2016-04-01,40.13,108.78,160.41,56.58,86.61,41.53,114.76,93.33,58.69,36.05
2016-04-04,39.81,110.42,161.21,57.64,86.74,42.34,116.08,95.42,58.97,36.33
2016-04-05,39.13,109.51,158.5,58.54,86.37,42.01,114.49,93.32,58.43,35.57
2016-04-06,39.07,110.23,160.9,58.52,85.76,41.98,113.99,94.07,58.31,35.09
2016-04-07,38.66,109.95,158.86,59.42,87.3,42.67,113.73,94.72,58.79,35.35
2016-04-08,38.7,108.91,157.0,59.49,86.75,42.78,112.92,94.48,58.7,36.12
2016-04-11,38.79,108.97,156.25,58.59,85.16,42.47,112.94,94.43,59.09,36.12
2016-04-12,38.82,109.34,154.66,58.98,84.61,42.36,113.33,93.18,58.73,36.04
2016-04-13,39.3,110.8,157.68,59.87,85.33,42.87,113.87,93.82,59.18,37.06
2016-04-14,40.34,111.62,160.23,59.15,84.7,43.38,115.0,94.34,59.23,37.02
2016-04-15,41.3,112.11,161.02,59.55,86.6,43.53,114.76,94.66,59.39,36.64
2016-04-18,41.18,108.89,160.38,59.5,88.04,43.18,114.27,94.75,58.68,37.1
2016-04-19,40.99,107.88,161.87,60.09,89.41,44.0,115.61,97.0,58.61,37.98
2016-04-20,41.36,106.64,161.02,60.17,89.92,44.48,115.5,97.0,58.52,38.25
2016-04-21,40.8,106.93,158.4,60.57,91.63,43.78,115.33,96.21,59.05,39.0
2016-04-22,37.68,105.01,157.38,61.3,92.03,43.72,114.0,96.17,58.91,38.79
2016-04-25,38.16,105.0,157.59,61.13,91.75,44.01,113.86,94.38,58.45,39.37
2016-04-26,37.27,103.91,157.89,60.96,91.73,44.16,114.41,95.96,58.77,39.5
2016-04-27,36.79,96.0,158.07,60.93,91.32,43.93,114.14,95.72,58.5,39.74
2016-04-28,37.04,97.61,157.58,58.56,89.61,40.08,114.99,94.8,59.2,39.86
2016-04-29,35.81,93.99,155.98,61.03,86.13,40.365,114.19,92.89,57.6,39.87
2016-05-02,34.99,93.965,156.34,60.79,85.19,38.85,112.9,94.29,56.31,39.59
2016-05-03,34.76,94.2,155.23,60.99,84.93,38.8,113.48,94.07,56.33,39.95
2016-05-04,34.17,95.2,154.26,61.3,84.98,38.35,112.26,93.18,55.79,39.01
2016-05-05,33.28,94.0,152.99,61.41,77.95,38.28,113.65,93.1,55.98,38.87
2016-05-06,32.67,93.37,150.15,62.0,77.96,38.22,113.82,93.13,55.47,38.05
2016-05-09,33.03,93.0,150.0,62.36,76.43,38.11,115.28,94.0,55.69,38.23
2016-05-10,33.24,93.33,152.39,63.51,77.78,38.3,115.59,94.82,55.55,37.95
2016-05-11,33.68,93.48,151.74,63.77,76.48,38.2,116.99,96.26,56.05,38.27
2016-05-12,33.01,92.72,148.99,62.86,75.92,38.14,116.42,96.31,55.96,38.25
2016-05-13,31.09,90.0,149.57,62.15,74.71,37.86,116.22,95.62,54.76,38.41
2016-05-16,31.81,92.39,145.55,61.91,73.76,37.6,115.62,95.91,54.87,37.28
2016-05-17,32.25,94.55,146.93,62.44,74.4,38.22,117.31,96.81,55.31,37.44
2016-05-18,32.61,94.16,144.01,59.87,74.2,37.75,116.06,95.78,53.06,37.2
2016-05-19,32.28,94.64,134.12,60.06,74.46,37.56,116.27,96.41,55.67,37.3
2016-05-20,32.3,94.64,143.36,59.63,75.14,37.55,116.1,96.1,56.01,38.59
2016-05-23,32.03,95.87,145.58,59.75,75.0,37.72,116.69,96.71,56.77,39.73
2016-05-24,31.89,97.22,144.9,59.73,74.37,37.49,116.58,97.18,57.1,41.23
2016-05-25,32.39,98.67,149.28,61.08,74.59,38.06,119.23,99.91,57.95,42.29
2016-05-26,32.13,99.68,154.55,61.0,74.04,38.65,118.59,99.81,58.21,42.97
2016-05-27,31.6,99.44,156.81,61.99,73.78,39.04,118.84,99.52,58.35,43.3
2016-05-31,31.75,99.6,156.99,62.71,74.2,39.33,118.89,100.14,58.43,43.33
2016-06-01,31.94,99.02,153.84,62.9,74.76,39.37,118.21,99.24,58.11,42.63
2016-06-02,31.67,97.6,151.39,62.87,75.81,39.5,118.7,99.98,57.2,42.77
2016-06-03,31.59,97.79,151.67,64.76,76.7,39.52,118.88,99.52,58.56,43.43
2016-06-06,30.77,97.99,150.71,62.13,76.3,39.25,119.0,99.16,58.05,43.84
2016-06-07,31.46,99.25,150.32,62.59,76.39,39.12,119.94,99.51,57.48,43.79
2016-06-08,32.63,99.02,151.5,62.21,76.31,38.9,119.59,98.45,57.88,43.86
2016-06-09,32.25,98.5,153.89,61.5,76.22,38.87,118.35,98.36,57.57,43.63
2016-06-10,32.8,98.53,154.9,59.99,75.87,38.67,118.5,96.89,56.89,43.44
2016-06-13,32.99,98.69,152.49,60.46,76.44,38.32,117.86,96.87,56.86,42.73
2016-06-14,31.81,97.32,152.75,59.46,76.08,37.87,117.08,96.53,56.82,41.71
2016-06-15,30.65,97.82,152.88,60.29,75.95,37.75,118.3,97.01,57.26,41.83
2016-06-16,29.8,96.45,152.41,59.93,75.67,37.36,116.82,96.5,56.51,41.88
2016-06-17,29.1,96.62,153.57,60.88,76.01,37.4,118.09,97.25,56.85,41.87
2016-06-20,29.75,96.0,155.74,60.64,76.25,37.88,119.1,97.1,56.78,42.83
2016-06-21,30.29,94.94,155.56,60.2,76.49,38.0,119.61,98.64,56.99,42.6
2016-06-22,30.05,96.25,154.57,60.0,76.57,37.72,119.94,95.53,57.14,42.03
2016-06-23,30.25,95.94,154.44,60.86,77.66,39.04,118.54,94.73,57.52,42.43
2016-06-24,28.2,92.91,151.0,59.26,75.08,38.37,112.77,92.39,54.91,41.2
2016-06-27,26.85,93.0,153.74,59.38,75.14,37.51,110.34,91.36,53.86,40.09
2016-06-28,26.12,92.9,154.87,59.28,74.32,37.28,110.6,91.37,53.53,39.74
2016-06-29,26.94,93.97,158.03,60.58,76.08,37.95,111.67,92.91,54.69,41.02
2016-06-30,27.86,94.44,161.02,61.79,77.61,38.65,112.32,94.48,55.75,41.7
2016-07-01,28.26,95.49,162.16,61.98,79.29,39.31,113.66,95.04,56.15,42.99
2016-07-05,29.09,95.39,162.46,62.5,79.86,39.31,113.51,94.55,55.99,42.33
2016-07-06,27.76,94.6,161.06,61.84,79.94,39.27,112.63,94.53,55.15,41.67
2016-07-07,28.39,95.7,161.54,63.6,81.09,40.83,113.51,95.01,55.49,42.25
2016-07-08,29.8,96.49,162.29,63.48,81.71,41.6,113.73,95.93,56.51,42.51
2016-07-11,30.23,96.75,164.85,64.25,81.97,42.03,115.7,96.98,57.99,43.54
2016-07-12,32.78,97.17,164.5,64.67,82.25,42.34,115.9,97.25,58.68,43.23
2016-07-13,35.0,97.41,164.15,64.81,84.53,42.24,117.0,97.97,59.27,43.25
2016-07-14,35.11,97.39,163.46,63.7,85.35,42.34,117.5,98.0,60.0,43.35
2016-07-15,35.51,98.92,165.45,63.82,86.26,42.4,116.48,98.39,60.25,43.55
2016-07-18,36.03,98.7,164.92,63.23,85.73,42.05,115.18,97.74,60.5,44.0
2016-07-19,35.78,99.56,163.17,63.41,85.76,41.94,113.65,97.11,60.09,44.0
2016-07-20,36.07,100.0,164.61,63.57,86.39,42.8,113.87,98.16,60.43,43.33
2016-07-21,35.1,99.83,163.49,63.23,86.38,42.88,115.07,98.12,60.65,43.35
2016-07-22,36.45,99.26,164.71,64.0,86.01,43.05,112.78,96.71,60.05,43.4
2016-07-25,36.35,98.25,165.99,63.91,85.9,43.08,112.78,97.75,60.49,43.61
2016-07-26,35.91,96.82,166.94,64.41,85.28,43.39,113.4,97.81,61.15,43.64
2016-07-27,36.5,104.265,167.02,64.42,85.71,43.57,114.45,97.59,66.78,43.87
2016-07-28,36.07,102.83,164.67,64.79,85.05,44.02,113.93,97.92,63.46,44.02
2016-07-29,36.26,104.19,170.0,65.27,84.34,44.38,112.4,98.4,64.2,44.74
2016-08-01,35.54,104.41,169.26,66.23,85.28,44.75,112.58,97.75,64.19,44.58
2016-08-02,35.39,106.05,168.17,66.93,88.64,45.72,112.64,97.38,63.78,43.05
2016-08-03,33.47,104.81,166.44,66.81,89.34,45.07,112.81,96.06,62.65,43.45
2016-08-04,33.57,105.58,168.38,66.58,89.71,45.06,113.17,96.5,63.07,44.37
2016-08-05,33.71,106.27,170.5,66.15,89.37,45.0,113.2,97.36,63.5,43.82
2016-08-08,34.22,107.52,170.49,66.38,89.71,45.06,114.6,98.86,63.83,44.57
2016-08-09,35.21,108.23,168.75,66.34,88.78,45.07,113.47,98.71,63.88,44.64
2016-08-10,34.59,108.71,166.57,66.7,88.79,45.08,113.19,99.13,64.0,44.48
2016-08-11,34.25,108.52,167.8,66.86,87.97,44.85,113.53,100.85,63.99,44.4
2016-08-12,34.74,107.78,166.09,66.86,89.14,44.82,113.2,100.98,64.06,43.85
2016-08-15,34.96,108.14,166.75,67.47,88.95,45.2,113.0,101.38,64.24,43.56
2016-08-16,35.67,109.63,162.0,67.13,88.99,45.02,113.1,100.52,65.15,43.55
2016-08-17,36.68,109.1,160.0,66.69,89.29,45.14,113.09,100.65,64.26,43.47
2016-08-18,36.43,109.23,158.5,66.57,88.54,44.68,112.74,99.6,64.3,43.69
2016-08-19,36.44,108.77,156.97,66.57,88.53,44.17,112.21,100.31,63.92,43.4
2016-08-22,36.33,108.86,158.97,67.31,88.8,44.08,112.73,100.32,64.4,43.44
2016-08-23,36.32,108.59,159.37,67.26,89.14,44.37,113.94,100.46,64.38,43.99
2016-08-24,36.27,108.565,158.93,66.31,88.9,43.96,115.47,101.0,63.59,44.03
2016-08-25,36.34,107.39,160.05,65.04,88.15,43.17,114.24,101.15,62.82,43.22
2016-08-26,36.68,107.41,159.69,64.68,85.67,42.72,115.17,101.68,63.0,42.84
2016-08-29,36.13,106.62,156.83,64.84,85.82,43.0,115.08,101.85,63.09,42.61
2016-08-30,35.45,105.8,157.98,64.54,86.5,43.01,114.98,102.09,63.06,42.89
2016-08-31,36.97,105.66,156.79,64.21,86.13,42.87,114.93,101.66,62.9,43.24
2016-09-01,36.53,106.14,158.2,64.1,87.01,41.92,114.75,102.23,62.1,43.68
2016-09-02,36.0,107.7,158.79,64.37,87.55,42.36,115.5,103.49,63.29,43.37
2016-09-06,36.45,107.9,158.81,64.7,87.3,42.1,115.83,103.33,63.24,43.85
2016-09-07,37.5,107.83,160.3,64.37,87.6,42.15,115.37,103.47,62.54,43.76
2016-09-08,38.68,107.25,160.67,63.96,87.4,42.12,114.43,102.77,61.66,43.87
2016-09-09,39.0,104.64,156.86,63.22,86.63,41.56,111.71,100.97,60.83,42.82
2016-09-12,37.22,102.65,152.72,62.98,85.01,40.85,110.22,99.18,59.13,41.91
2016-09-13,38.12,107.51,152.93,63.66,86.2,41.23,111.58,99.92,60.39,42.66
2016-09-14,37.0,108.73,151.54,63.41,85.38,40.69,110.75,98.95,60.51,42.05
2016-09-15,36.31,113.86,150.49,63.17,83.54,40.79,109.64,98.84,60.88,41.94
2016-09-16,36.26,115.12,148.26,63.53,83.96,40.95,110.33,99.26,62.77,41.99
2016-09-19,35.66,115.19,148.11,63.62,83.91,42.036,110.61,99.21,62.42,42.25
2016-09-20,35.75,113.05,149.05,63.36,83.65,41.95,111.18,100.16,62.69,42.39
2016-09-21,35.0,113.85,145.58,63.49,82.2,41.62,111.49,106.54,62.6,42.32
2016-09-22,34.96,114.35,147.62,64.12,83.26,42.16,111.98,107.46,63.89,43.08
2016-09-23,35.3,114.42,149.0,65.05,83.55,42.25,110.51,107.21,63.7,42.76
2016-09-26,35.19,111.64,148.73,64.52,83.07,42.01,112.45,106.91,62.79,42.28
2016-09-27,34.98,113.0,151.58,63.95,82.75,41.71,113.75,106.99,62.28,41.65
2016-09-28,36.1,113.69,151.25,64.94,83.25,42.25,115.68,109.48,64.02,41.89
2016-09-29,35.65,113.16,148.92,64.3,82.92,42.11,120.56,109.5,63.99,41.81
2016-09-30,35.98,112.46,147.11,62.67,81.29,41.74,121.78,108.15,64.14,41.7
2016-10-03,36.46,112.71,148.53,63.02,80.68,42.06,121.59,108.41,64.29,41.98
2016-10-04,38.39,113.06,147.32,63.31,81.26,42.48,121.18,108.52,64.21,42.8
2016-10-05,37.82,113.4,147.62,63.08,80.71,42.34,118.49,108.57,64.48,42.79
2016-10-06,37.83,113.7,148.67,63.16,79.58,42.69,118.21,108.72,64.6,43.07
2016-10-07,38.25,114.31,149.39,63.1,80.43,43.0,118.52,109.07,64.62,43.2
2016-10-10,37.95,115.02,149.0,63.07,79.07,43.15,116.38,109.15,64.78,42.91
2016-10-11,39.99,117.7,147.96,63.08,79.6,43.2,117.38,109.0,63.31,43.17
2016-10-12,38.12,117.35,146.63,62.0,79.69,41.05,117.41,108.42,62.15,42.32
2016-10-13,36.95,116.79,147.26,60.96,80.28,40.74,117.08,107.13,60.8,41.96
2016-10-14,39.45,117.88,147.58,61.45,80.49,41.17,118.46,108.19,61.11,42.42
2016-10-17,38.66,117.33,146.39,60.1,79.75,40.73,118.25,108.0,61.65,42.13
2016-10-18,38.84,118.18,144.15,60.62,80.46,40.85,117.7,108.44,62.33,42.24
2016-10-19,39.48,117.25,142.06,62.04,81.2,40.52,116.71,108.81,61.84,41.96
2016-10-20,40.93,116.86,142.09,61.45,80.28,40.01,116.6,108.41,62.28,42.12
2016-10-21,39.97,116.81,140.68,61.38,80.16,40.41,115.95,108.51,63.13,41.92
2016-10-24,40.25,117.1,142.92,61.13,80.34,40.79,116.02,109.63,63.53,42.6
2016-10-25,39.66,117.95,140.43,61.06,79.6,40.42,115.54,110.76,64.02,42.62
2016-10-26,38.57,114.31,143.52,61.51,80.01,40.0,114.79,108.74,63.57,42.42
2016-10-27,39.45,115.39,143.44,61.45,79.56,40.09,115.65,108.47,63.87,43.37
2016-10-28,39.85,113.87,138.45,57.55,69.13,40.25,115.85,107.08,63.45,43.17
2016-10-31,40.31,113.65,140.33,57.06,69.51,39.43,115.63,108.02,64.04,43.7
2016-11-01,40.51,113.46,139.88,56.0,69.85,39.24,116.5,107.79,64.4,45.37
2016-11-02,39.72,111.4,139.66,56.46,70.27,39.05,116.14,106.85,63.79,46.75
2016-11-03,39.78,110.98,138.8,57.12,75.87,38.86,118.13,106.54,63.75,47.05
2016-11-04,39.27,108.53,138.85,56.07,71.69,38.45,117.04,105.85,62.89,47.38
2016-11-07,40.39,110.08,137.54,56.81,71.52,39.64,118.11,107.66,64.53,47.46
2016-11-08,41.42,110.31,137.45,58.8,71.03,39.62,119.9,108.68,64.08,46.95
2016-11-09,40.76,109.88,134.79,64.1,72.98,41.5,115.88,105.55,63.08,46.84
2016-11-10,42.71,111.09,140.85,63.06,77.09,40.52,117.34,108.08,65.21,46.42
2016-11-11,42.07,107.12,145.11,63.54,79.41,40.38,119.66,103.62,64.29,43.57
2016-11-14,43.01,107.71,145.28,63.4,82.16,40.11,119.17,104.12,65.42,41.58
2016-11-15,45.0,106.57,164.0,63.39,81.5,39.29,117.55,103.14,66.73,42.86
2016-11-16,44.66,106.7,163.21,62.67,79.16,39.8,116.19,103.61,68.14,43.68
2016-11-17,44.39,109.81,163.44,61.75,78.2,40.0,117.5,103.77,67.89,43.28
2016-11-18,46.15,109.72,166.12,61.65,79.91,40.31,118.25,106.19,67.92,42.92
2016-11-21,46.46,110.12,162.75,60.7,78.62,39.85,118.7,105.56,68.75,43.38
2016-11-22,46.03,111.95,167.63,60.49,78.77,39.42,119.92,105.85,73.05,43.86
2016-11-23,46.05,111.36,170.26,58.81,78.07,38.04,119.36,105.41,73.67,43.57
2016-11-25,46.34,111.13,171.69,60.04,79.07,39.08,119.9,104.17,73.45,43.47
2016-11-28,46.64,111.43,171.15,59.13,78.61,39.22,120.53,104.81,74.01,43.51
2016-11-29,46.59,110.78,172.34,59.7,78.65,38.86,120.74,104.27,74.17,43.17
2016-11-30,46.14,111.6,169.48,61.63,77.72,38.75,121.01,104.99,74.36,42.86
2016-12-01,46.2,110.365,169.18,60.83,77.88,38.12,119.5,102.82,73.56,43.15
2016-12-02,46.09,109.17,170.46,59.19,78.15,37.68,117.63,99.52,68.66,44.42
2016-12-05,46.45,110.0,171.44,59.6,78.89,38.11,117.86,100.46,70.84,44.12
2016-12-06,46.16,109.5,170.18,60.76,79.9,38.44,118.13,101.99,71.02,44.0
2016-12-07,46.61,109.26,172.38,60.26,78.19,38.13,118.65,100.89,70.98,44.66
2016-12-08,48.6,110.86,176.41,60.02,76.24,38.33,121.67,103.36,72.99,45.04
2016-12-09,49.27,112.31,176.05,61.19,77.19,38.82,121.33,104.0,74.54,45.93
2016-12-12,49.16,113.29,174.21,61.53,78.37,39.2,122.86,104.62,72.85,46.62
2016-12-13,47.94,113.84,173.26,62.33,78.38,39.31,123.8,105.74,73.11,46.75
2016-12-14,47.84,115.04,173.03,61.55,78.95,39.42,125.25,106.3,73.23,46.4
2016-12-15,48.1,115.38,171.62,61.8,76.8,38.76,123.45,106.33,72.81,45.39
2016-12-16,48.61,116.47,173.36,62.12,76.94,39.02,124.58,107.8,73.77,45.73
2016-12-19,47.89,115.8,171.61,62.37,77.55,38.23,123.23,103.57,72.41,46.49
2016-12-20,48.5,116.74,174.26,62.34,78.7,38.4,124.04,105.5,72.92,46.38
2016-12-21,49.34,116.8,174.76,62.225,78.96,38.19,118.55,105.74,73.69,46.26
2016-12-22,49.35,116.35,172.7,61.58,78.96,38.15,118.06,105.12,73.89,46.14
2016-12-23,48.61,115.59,170.69,61.78,78.04,38.33,117.4,104.61,73.37,45.2
2016-12-27,48.29,116.52,170.72,62.52,78.42,38.48,117.36,105.0,73.81,45.22
2016-12-28,48.73,117.52,172.01,62.51,78.86,38.63,118.0,104.83,74.54,45.67
2016-12-29,47.8,116.45,170.08,62.39,78.61,38.3,116.98,103.63,73.38,45.27
2016-12-30,47.42,116.65,171.32,62.729,79.35,38.33,117.56,104.07,73.8,45.42
2017-01-03,47.28,115.8,170.78,62.92,78.51,38.6334,117.38,103.43,72.6,45.69
2017-01-04,46.63,115.85,170.37,62.64,82.6,39.06,116.91,103.74,72.77,46.38
2017-01-05,46.52,115.92,170.87,63.38,84.38,39.24,116.98,104.13,72.41,46.1
2017-01-06,45.85,116.78,171.32,63.881,83.53,39.7,114.99,105.98,71.58,45.02
2017-01-09,46.01,117.95,170.06,63.8,84.6,40.79,116.14,107.96,71.64,44.51
2017-01-10,47.0,118.77,168.7,64.05,85.1,40.81,114.94,108.57,71.87,44.8
2017-01-11,49.29,118.74,173.51,63.38,85.15,41.05,115.4,108.23,72.27,43.75
2017-01-12,48.67,118.895,172.42,60.77,82.28,40.79,115.62,107.99,72.42,44.04
2017-01-13,48.16,119.11,174.42,61.35,84.08,40.75,115.35,108.84,72.36,43.55
2017-01-17,47.56,118.34,174.34,61.75,84.92,40.67,115.92,107.79,72.23,43.78
2017-01-18,47.3938,120.0,173.01,61.76,85.95,41.05,116.54,108.5,72.64,44.74
2017-01-19,47.64,119.4,174.21,61.45,85.28,40.64,115.6,108.63,72.88,44.96
2017-01-20,47.54,120.45,172.24,61.41,85.86,40.51,115.88,110.02,72.09,44.67
2017-01-23,47.9,120.0,167.08,61.02,83.72,40.32,114.78,110.71,72.74,44.62
2017-01-24,47.05,119.55,168.8,60.91,84.7,40.32,115.2,111.46,73.01,44.76
2017-01-25,47.9,120.42,169.4,60.6,84.9,39.76,116.9,113.77,74.685,44.9
2017-01-26,48.43,121.67,167.75,61.16,81.04,40.46,116.99,113.79,74.37,45.05
2017-01-27,50.0,122.14,166.15,60.0,83.68,41.11,116.2,113.07,74.55,44.56
2017-01-30,45.62,120.93,165.35,59.91,82.55,40.86,115.32,113.22,76.76,44.51
2017-01-31,44.79,121.15,163.9,60.01,86.62,40.73,113.97,113.22,76.14,44.18
2017-02-01,44.75,127.03,163.99,61.07,87.71,41.51,113.8,113.31,75.76,44.48
2017-02-02,43.61,127.975,160.09,60.65,88.05,42.18,113.15,112.82,75.66,43.87
2017-02-03,44.31,128.31,162.98,60.9,88.57,42.94,114.0,113.55,75.52,44.18
2017-02-06,44.8,129.13,161.73,60.51,89.17,42.57,114.07,114.68,75.65,44.09
2017-02-07,45.75,130.54,161.21,60.65,89.85,42.57,115.0,114.83,75.69,42.96
2017-02-08,45.26,131.35,158.29,60.14,90.18,42.66,116.15,115.0,77.0,44.71
2017-02-09,45.07,131.65,162.26,60.74,91.05,42.5,115.51,116.26,77.77,43.6
2017-02-10,46.62,132.46,165.23,60.85,91.54,42.74,116.7,116.51,76.78,43.67
2017-02-13,46.56,133.08,165.0,60.58,91.53,43.0,117.9,117.03,77.01,43.9
2017-02-14,47.26,133.47,162.39,60.44,90.0,43.01,118.47,117.65,77.84,43.74
2017-02-15,47.59,135.52,163.29,60.92,90.65,43.5,119.61,117.33,80.8,43.85
2017-02-16,47.5,135.67,164.21,61.67,91.0,44.0,119.93,118.84,81.0,44.26
2017-02-17,46.83,135.1,160.61,61.54,90.24,44.17,120.51,118.79,81.8,44.07
2017-02-21,47.01,136.23,164.5,61.84,90.74,44.65,120.63,119.73,82.5,44.55
2017-02-22,46.5,136.43,160.74,61.72,91.19,44.88,121.66,119.67,82.31,44.59
2017-02-23,46.42,137.38,159.32,61.68,91.45,45.02,122.59,120.1,82.15,44.8
2017-02-24,46.0,135.91,156.46,61.92,91.51,45.29,122.0,118.3,80.97,44.84
2017-02-27,46.18,137.14,156.85,62.02,92.31,45.51,123.01,119.02,81.65,45.13
2017-02-28,46.32,137.08,155.64,62.11,91.9,45.41,122.75,118.83,82.18,45.5
2017-03-01,46.79,137.89,158.59,62.16,92.19,45.37,123.24,119.24,82.45,47.25
2017-03-02,46.67,140.0,156.68,62.78,91.89,45.5,123.99,120.09,83.39,46.54
2017-03-03,45.85,138.78,157.3,63.11,92.22,45.42,124.25,119.83,83.62,45.53
2017-03-06,46.41,139.365,155.35,63.0,91.58,44.99,122.99,119.73,83.0,45.08
2017-03-07,45.02,139.06,154.26,63.14,89.23,44.81,123.63,120.06,83.7,44.75
2017-03-08,44.79,138.95,153.51,63.75,88.32,45.03,124.11,120.21,83.77,44.47
2017-03-09,44.5,138.74,154.97,64.14,89.4,45.36,124.37,119.82,83.38,44.1
2017-03-10,43.46,139.25,155.52,65.3,88.99,45.77,123.65,120.57,83.87,44.63
2017-03-13,43.73,138.85,152.76,65.87,88.76,45.65,124.23,121.11,82.15,45.0
2017-03-14,42.06,139.3,154.3,65.88,88.96,45.19,124.17,121.65,82.52,44.7
2017-03-15,40.5,139.41,153.58,65.7,88.85,44.96,123.41,122.0,83.45,44.71
2017-03-16,42.18,140.72,152.74,66.4,89.58,45.17,124.89,123.25,83.29,45.07
2017-03-17,42.0,141.0,152.42,66.04,87.91,45.1,124.71,128.45,83.31,44.91
2017-03-20,42.18,140.4,152.95,65.78,87.65,45.19,125.22,126.99,83.26,44.6
2017-03-21,41.88,142.11,152.54,65.96,87.0,45.15,125.08,126.64,83.25,44.92
2017-03-22,39.78,139.845,151.6,65.38,86.12,44.94,125.03,124.6,81.84,44.92
2017-03-23,40.7,141.26,151.27,65.52,85.86,44.71,122.71,126.2,82.24,45.61
2017-03-24,41.69,141.5,150.78,65.51,85.99,44.76,120.78,127.86,81.86,45.61
2017-03-27,41.07,139.39,148.5,65.37,86.14,44.53,118.73,127.48,81.0,45.43
2017-03-28,41.83,140.91,147.19,65.96,87.12,44.74,119.82,127.81,81.31,45.32
2017-03-29,42.69,143.68,148.38,65.95,87.4,44.67,121.66,128.4,81.89,45.65
2017-03-30,41.85,144.19,149.24,65.76,89.35,44.63,120.89,129.55,81.87,46.32
2017-03-31,42.37,143.72,148.26,65.46,88.87,44.33,120.71,129.57,82.05,45.88
2017-04-03,42.33,143.71,148.4,65.24,88.41,44.42,118.0,129.585,82.02,46.2
2017-04-04,42.09,143.25,144.93,65.12,87.06,44.53,117.28,129.47,80.81,45.67
2017-04-05,41.15,144.22,143.76,65.23,87.44,44.17,118.24,130.58,81.59,45.42
2017-04-06,41.4,144.29,143.75,65.03,87.26,43.81,117.68,129.86,80.11,45.17
2017-04-07,41.53,143.73,142.51,65.06,87.57,43.62,117.0,130.15,80.3,45.29
2017-04-10,41.81,143.6,141.88,65.5,87.75,43.83,117.5,130.32,80.0,44.91
2017-04-11,42.78,142.94,142.49,64.43,88.28,43.22,116.18,129.91,78.94,44.93
2017-04-12,44.79,141.6,142.91,64.17,87.15,43.32,116.05,129.96,78.27,44.64
2017-04-13,43.95,141.91,141.92,64.24,86.64,42.4,115.36,129.63,76.87,44.55
2017-04-17,43.47,141.48,141.26,64.79,86.64,42.67,114.88,129.69,76.78,44.29
2017-04-18,44.03,141.41,140.33,64.03,83.17,43.09,115.5,129.74,75.83,44.7
2017-04-19,44.07,141.88,141.53,63.9,82.64,43.78,116.37,129.9,77.69,45.33
2017-04-20,44.71,141.22,143.56,63.72,82.23,43.69,117.65,130.7,77.52,44.71
2017-04-21,45.5,142.44,146.47,63.76,82.2,43.94,119.74,131.84,77.2,45.04
2017-04-24,45.5,143.5,147.88,64.4,82.03,44.07,119.94,132.94,79.47,45.27
2017-04-25,46.8,143.91,147.0,64.94,80.82,44.21,119.38,133.44,79.4,45.45
2017-04-26,46.51,144.47,146.29,65.19,81.5,43.93,118.73,133.5,79.41,45.66
2017-04-27,43.91,143.9225,145.75,65.45,81.38,43.96,119.12,133.13,78.65,45.14
2017-04-28,44.02,144.09,142.97,66.06,82.17,43.67,120.19,133.4,77.86,45.63
2017-05-01,42.76,145.1,143.15,66.0,82.32,43.57,121.37,134.3,75.05,45.88
2017-05-02,42.06,147.54,140.44,66.51,82.76,43.66,121.29,135.54,76.48,43.0
2017-05-03,43.67,145.59,142.49,66.45,82.45,43.61,120.43,134.99,75.31,41.72
2017-05-04,44.18,146.52,142.71,66.74,83.5,43.75,120.75,135.13,75.74,41.37
2017-05-05,44.0,146.76,144.98,67.19,86.66,44.58,120.91,135.19,75.78,42.67
2017-05-08,44.6,149.03,145.17,66.94,86.21,44.7,121.1,135.36,75.66,42.5
2017-05-09,45.4,153.87,146.81,66.2,86.7,44.65,121.3,135.33,76.83,42.75
2017-05-10,47.03,153.63,145.83,66.16,87.57,44.7,121.07,135.86,79.51,42.37
2017-05-11,47.21,152.45,145.49,65.9,87.84,44.39,120.75,135.98,78.73,42.3
2017-05-12,46.26,154.7,145.76,65.27,88.61,43.9,120.38,136.45,78.62,42.13
2017-05-15,45.7,156.01,144.66,66.07,88.49,43.92,120.96,137.13,79.17,42.03
2017-05-16,46.79,155.94,146.65,66.73,89.84,44.59,122.69,138.06,80.45,41.96
2017-05-17,46.25,153.6,143.71,64.98,87.48,43.4,122.2,137.2,80.02,41.67
2017-05-18,44.4,151.27,144.73,65.37,86.26,43.17,120.86,132.77,79.52,41.45
2017-05-19,44.8,153.38,148.85,65.74,87.62,43.15,121.01,135.18,80.65,41.37
2017-05-22,45.33,154.0,150.9,65.55,89.0,43.27,121.6,137.38,81.57,41.55
2017-05-23,46.27,154.9,139.15,65.44,89.73,43.71,122.86,139.16,82.09,41.55
2017-05-24,46.74,153.84,131.65,65.79,89.38,43.79,120.43,140.18,82.46,42.48
2017-05-25,46.99,153.73,133.0,66.06,90.0,43.78,122.75,142.16,82.32,42.54
2017-05-26,47.79,154.0,131.84,66.14,91.19,43.92,122.94,142.93,82.5,42.56
2017-05-30,48.32,153.42,134.65,65.89,90.66,44.46,122.61,141.8,83.0,42.22
2017-05-31,48.2,153.97,134.14,66.24,91.33,45.2,124.0,143.04,88.99,42.29
2017-06-01,48.5,153.17,134.1,66.255,91.71,45.52,124.93,141.64,86.28,41.05
2017-06-02,49.56,153.58,136.98,66.809,93.5,46.33,125.37,142.12,81.61,41.95
2017-06-05,49.53,154.34,137.0,67.25,93.2,46.57,126.0,144.14,81.01,42.11
2017-06-06,49.47,153.9,134.99,67.48,93.19,46.58,126.19,143.35,78.61,41.87
2017-06-07,49.44,155.02,132.09,68.01,91.95,46.38,126.08,143.33,80.15,42.04
2017-06-08,50.86,155.25,130.44,68.67,92.19,46.05,126.97,143.96,81.3,41.8
2017-06-09,51.61,155.19,125.94,68.8,91.28,46.81,126.0,143.14,82.93,41.81
2017-06-12,50.1,145.74,128.11,69.79,91.89,47.29,125.53,133.72,78.01,42.07
2017-06-13,49.56,147.16,130.95,69.62,92.51,47.24,126.44,138.79,80.15,42.43
2017-06-14,49.64,147.5,131.93,69.48,93.0,47.46,127.8,139.29,81.69,42.43
2017-06-15,49.14,143.32,130.53,70.341,93.5,47.58,126.28,136.63,79.78,41.98
2017-06-16,48.9,143.78,130.47,70.8,94.54,48.18,127.52,137.35,80.18,42.26
2017-06-19,49.13,143.66,130.3,71.11,92.61,48.34,128.47,138.79,81.0,42.4
2017-06-20,49.22,146.87,128.28,71.44,93.75,48.89,127.33,141.21,80.28,42.39
2017-06-21,48.33,145.52,124.26,71.11,93.93,48.79,127.07,145.08,79.5,41.41
2017-06-22,50.5,145.77,120.21,71.49,95.7,48.6,122.97,145.15,80.8,41.25
2017-06-23,49.0,145.13,120.75,73.2,96.5,49.18,122.14,143.75,81.16,41.08
2017-06-26,48.81,147.17,120.06,72.79,96.2,49.21,123.15,146.06,81.95,41.27
2017-06-27,48.6,145.01,121.39,72.7,95.92,48.95,122.5,144.33,80.14,41.36
2017-06-28,48.82,144.49,119.75,72.72,96.17,48.93,122.78,143.01,78.55,41.25
2017-06-29,49.28,144.71,116.25,73.15,96.68,48.73,123.5,143.06,78.94,41.14
2017-06-30,49.92,144.45,116.45,72.57,94.94,48.78,123.3,141.87,78.3,40.88
2017-07-03,50.78,144.88,117.45,72.76,94.86,48.73,123.82,141.73,78.27,41.48
2017-07-05,50.44,143.69,110.13,72.48,94.91,48.72,124.0,138.65,76.49,41.35
2017-07-06,50.97,143.02,104.48,72.24,94.69,48.83,123.35,139.73,76.91,41.7
2017-07-07,52.3,142.9,102.7,72.11,93.04,48.17,123.55,141.07,77.64,41.26
2017-07-10,52.98,144.11,101.94,71.8,93.65,48.42,124.05,142.21,78.51,41.24
2017-07-11,52.58,144.73,101.15,71.89,92.65,48.2,124.06,142.99,78.95,40.68
2017-07-12,53.12,145.87,101.03,71.51,92.84,48.17,124.3,144.0,80.4,40.49
2017-07-13,53.4,145.5,100.69,71.94,93.55,48.43,125.7,145.91,80.32,41.07
2017-07-14,53.8,147.97,103.66,72.62,93.06,48.2,126.19,145.59,80.72,41.49
2017-07-17,54.21,148.82,101.81,73.1,93.05,48.91,126.77,146.16,81.61,41.46
2017-07-18,53.83,149.2,101.78,72.63,92.68,48.69,126.25,146.47,80.96,41.46
2017-07-19,52.26,150.48,100.47,72.48,91.56,48.8,127.5,147.89,81.35,41.25
2017-07-20,52.72,151.5,100.7,72.99,91.2,49.68,127.9,149.07,80.35,41.26
2017-07-21,52.13,149.99,103.37,73.98,91.82,50.73,128.54,149.16,80.07,41.38
2017-07-24,51.79,150.58,105.11,74.63,91.64,50.81,128.27,149.16,78.96,41.27
2017-07-25,51.5,151.8,103.59,74.4,93.4,50.98,128.25,149.82,78.79,41.55
2017-07-26,50.63,153.35,105.73,72.37,94.27,50.74,129.0,148.62,80.14,42.06
2017-07-27,50.34,153.75,108.05,72.78,93.49,50.32,129.7,149.87,80.83,41.7
2017-07-28,49.02,149.89,109.9,71.64,93.0,50.16,127.98,145.77,79.24,41.75
2017-07-31,50.85,149.9,111.61,70.52,94.3,49.76,128.5,146.36,79.46,41.93
2017-08-01,51.13,157.06,113.68,71.17,92.19,49.24,130.06,147.74,79.23,42.64
2017-08-02,50.89,159.28,113.68,70.25,92.19,49.14,129.7,147.56,79.49,43.1
2017-08-03,50.56,157.05,114.27,70.61,84.11,49.26,129.22,147.47,78.67,42.57
2017-08-04,50.67,156.07,111.13,71.17,81.71,49.24,130.06,148.25,78.09,42.64
2017-08-07,50.82,157.06,110.86,70.94,80.8,49.26,129.83,147.74,79.65,42.65
2017-08-08,50.68,158.6,109.51,71.33,80.91,49.24,129.32,148.14,78.66,42.44
2017-08-09,49.74,159.26,109.24,71.26,79.86,48.76,129.01,146.68,78.52,42.29
2017-08-10,49.03,159.9,108.44,72.01,79.43,48.74,129.22,147.23,77.47,42.34
2017-08-11,48.5,156.6,106.09,70.74,78.83,48.24,128.67,145.25,76.76,41.78
2017-08-14,48.86,159.32,107.88,71.23,80.31,48.74,128.88,147.81,78.66,41.38
2017-08-15,48.76,160.66,91.99,71.08,80.25,49.06,129.41,149.56,79.93,41.68
2017-08-16,48.64,161.94,86.56,70.49,80.29,49.04,129.66,150.7,80.01,42.21
2017-08-17,48.25,160.52,90.75,70.6,79.68,49.63,129.88,151.66,79.8,42.07
2017-08-18,46.3,157.86,92.84,69.52,79.69,49.1,127.73,147.74,77.6,41.66
2017-08-21,45.73,157.5,93.93,69.92,78.43,48.78,127.49,148.05,77.81,41.28
2017-08-22,45.85,158.23,95.23,70.91,78.24,48.95,128.56,150.14,78.12,41.54
2017-08-23,45.17,159.07,95.29,71.29,78.98,49.55,128.68,152.18,78.5,41.63
2017-08-24,44.13,160.43,94.18,71.72,78.33,49.74,128.47,151.22,79.35,41.75
2017-08-25,43.09,159.65,93.49,72.22,78.39,49.59,129.32,152.0,79.57,41.38
2017-08-28,45.23,160.14,95.94,72.67,78.38,49.54,129.71,151.87,79.21,41.75
2017-08-29,44.53,160.1,93.9,72.78,78.16,49.91,128.47,150.55,78.69,41.79
2017-08-30,44.54,163.8,95.12,73.621,78.43,50.02,129.65,152.05,82.13,41.66
2017-08-31,44.54,163.64,97.29,74.11,78.65,50.3,130.0,154.36,84.34,41.71
2017-09-01,44.85,164.8,98.31,75.59,80.46,51.03,130.95,155.76,83.97,41.37
2017-09-05,44.79,163.75,97.71,75.39,79.81,50.84,130.1,154.83,83.74,42.29
2017-09-06,43.09,162.71,96.92,75.61,80.0,51.2,130.21,155.11,83.21,42.0
2017-09-07,44.19,162.09,96.0,77.29,80.82,51.4,131.5,154.49,82.65,42.47
2017-09-08,43.81,160.86,93.59,81.29,82.54,51.29,134.41,155.24,81.21,42.52
2017-09-11,44.01,160.5,94.0,84.46,83.33,52.35,134.62,156.59,80.81,42.61
2017-09-12,45.9,162.61,92.31,86.97,84.19,52.49,136.56,156.76,82.63,43.0
2017-09-13,46.35,159.87,97.07,87.58,83.76,52.24,135.91,155.88,81.83,43.2
2017-09-14,46.79,158.99,100.09,88.23,82.32,51.93,134.5,155.37,81.75,43.26
2017-09-15,45.3,158.47,99.77,89.39,80.47,51.75,135.0,154.9,82.37,43.27
2017-09-18,46.02,160.11,99.66,87.47,81.8,51.89,135.49,155.01,85.0,43.85
2017-09-19,45.28,159.51,99.0,85.54,80.53,52.15,137.0,156.3,85.21,44.11
2017-09-20,44.92,157.9,94.5,86.4,79.47,51.39,136.01,151.99,85.21,43.88
2017-09-21,45.47,155.8,94.75,87.36,79.49,51.88,137.95,150.38,83.52,43.33
2017-09-22,46.57,152.02,93.9,87.22,80.53,51.51,136.68,148.69,83.81,43.34
2017-09-25,46.98,149.99,95.83,86.92,80.23,52.46,137.94,148.39,84.47,43.47
2017-09-26,47.84,151.78,97.99,86.35,81.41,52.62,138.5,145.5,84.58,43.62
2017-09-27,47.58,153.8,98.2,85.35,82.17,52.85,137.32,146.31,84.57,43.51
2017-09-28,46.78,153.89,99.26,86.67,81.85,54.75,132.79,146.14,84.59,42.36
2017-09-29,47.49,153.21,99.7,88.69,81.71,53.64,136.91,146.69,85.68,42.54
2017-10-02,47.52,154.26,99.58,89.74,82.97,53.64,135.23,149.79,86.59,42.52
2017-10-03,47.66,154.01,99.46,90.44,83.33,53.75,134.84,148.48,85.96,42.67
2017-10-04,50.5,153.63,95.04,89.52,82.76,53.67,134.52,148.21,85.75,42.77
2017-10-05,50.85,154.18,94.77,89.69,84.16,54.37,135.5,148.49,87.1,43.07
2017-10-06,50.7,154.97,94.14,90.2,84.23,54.9,136.16,149.96,87.49,43.24
2017-10-09,51.23,155.81,94.23,90.57,80.21,55.05,136.25,150.76,87.96,42.93
2017-10-10,52.0,156.055,91.22,90.71,79.49,54.77,137.0,152.0,88.08,42.72
2017-10-11,53.1,155.97,91.7,91.47,79.45,55.26,137.19,152.09,87.71,42.96
2017-10-12,52.72,156.35,89.38,91.77,80.37,54.24,136.98,153.72,88.48,43.23
2017-10-13,52.67,156.73,86.76,91.41,80.42,54.64,139.58,153.96,88.95,43.76
2017-10-16,52.52,157.9,85.7,91.01,79.02,54.62,139.43,151.15,89.48,43.97
2017-10-17,52.72,159.78,86.38,91.09,78.89,54.59,138.91,150.52,88.67,43.62
2017-10-18,52.11,160.42,87.83,92.35,80.13,55.18,138.23,150.33,89.21,43.67
2017-10-19,51.57,156.75,86.24,95.5,80.82,55.9,137.45,165.5,88.32,43.17
2017-10-20,51.56,156.61,87.36,96.78,82.57,56.17,139.17,171.5,89.61,43.43
2017-10-23,51.92,156.89,86.55,95.93,83.17,56.21,139.75,175.68,89.43,43.5
2017-10-24,51.02,156.29,85.73,94.0,82.69,56.0,139.34,171.47,88.77,43.57
2017-10-25,51.78,156.91,83.71,91.78,82.0,55.38,139.0,170.37,89.66,43.6
2017-10-26,52.0,157.23,82.89,91.86,83.97,55.34,141.58,172.06,90.26,43.67
2017-10-27,48.41,159.29,85.14,92.7,78.59,55.49,142.64,174.02,90.77,43.03
2017-10-30,47.65,163.89,81.93,91.7,76.01,55.18,143.39,177.0,91.35,42.91
2017-10-31,47.22,167.9,82.17,90.88,76.85,54.48,143.18,176.16,91.47,40.74
2017-11-01,48.0,169.87,82.33,90.78,77.48,53.89,142.26,176.59,91.85,40.97
2017-11-02,47.79,167.64,81.02,92.08,77.02,54.05,142.5,178.02,90.85,40.5
2017-11-03,47.36,174.0,81.39,91.3,73.34,54.57,143.43,181.76,90.97,40.13
2017-11-06,47.46,172.365,81.53,92.22,74.8,55.32,143.12,182.01,92.42,39.73
2017-11-07,47.51,173.91,80.66,92.98,74.92,55.15,144.48,181.23,92.08,39.27
2017-11-08,46.42,174.66,79.2,94.31,74.87,54.98,143.76,181.19,91.9,39.65
2017-11-09,45.85,175.11,79.56,95.29,75.07,55.06,144.61,182.88,91.67,39.69
2017-11-10,45.64,175.11,80.16,95.35,75.05,55.23,143.52,181.0,89.54,39.49
2017-11-13,45.63,173.5,80.72,95.37,74.69,54.69,143.61,180.5,89.36,39.93
2017-11-14,45.3,173.04,94.88,94.64,75.1,55.05,143.41,181.98,89.79,39.72
2017-11-15,45.71,169.97,93.93,94.63,75.32,54.78,144.41,180.92,89.58,39.26
2017-11-16,47.26,171.18,92.0,94.44,77.72,55.11,144.96,181.18,89.79,38.98
2017-11-17,47.6,171.04,91.02,93.8,79.65,55.29,146.39,182.08,91.0,39.05
2017-11-20,47.33,170.29,89.21,93.92,78.3,55.66,145.37,182.8,90.97,39.37
2017-11-21,47.89,170.78,90.94,93.7,77.83,55.45,147.0,183.75,92.62,39.27
2017-11-22,48.58,173.36,89.2,94.69,79.98,56.03,147.85,184.32,89.61,39.33
2017-11-24,48.66,175.1,89.64,94.0,81.9,55.85,148.17,182.96,88.67,39.39
2017-11-27,48.61,175.05,89.61,94.69,81.07,56.17,148.0,184.83,88.49,39.16
2017-11-28,48.44,174.3,89.89,95.94,81.4,56.3,148.01,185.62,87.08,38.99
2017-11-29,49.38,172.63,93.96,95.76,83.56,56.09,148.56,183.87,87.08,39.3
2017-11-30,49.76,170.43,99.58,96.36,85.0,55.67,147.0,178.14,85.82,39.86
2017-12-01,49.67,169.95,100.74,97.19,83.98,56.3,147.7,179.51,85.51,39.96
2017-12-04,50.1,172.48,100.94,96.37,85.73,56.14,147.5,180.34,85.56,40.92
2017-12-05,49.85,169.06,107.1,95.45,87.49,54.64,147.24,167.69,84.53,41.36
2017-12-06,49.39,167.5,100.87,95.7,86.2,54.87,147.74,166.79,84.26,40.93
2017-12-07,49.53,169.03,97.75,94.4,86.27,54.76,148.0,173.46,85.61,41.27
2017-12-08,51.23,170.49,98.21,94.62,86.06,54.66,149.1,177.08,86.45,41.33
2017-12-11,50.78,169.2,100.15,95.88,87.05,54.77,150.55,173.77,85.49,41.4
2017-12-12,51.27,172.15,101.71,96.62,87.37,55.45,150.61,172.69,85.75,41.95
2017-12-13,50.58,172.5,103.63,96.6,87.54,55.67,151.81,173.5,85.82,41.69
2017-12-14,50.59,172.4,103.655,97.345,88.95,55.03,151.86,178.26,85.17,39.97
2017-12-15,50.67,173.63,101.18,97.06,91.17,55.01,151.56,179.36,86.07,39.85
2017-12-18,51.25,174.88,101.86,97.87,92.25,55.59,153.7,178.42,87.21,40.51
2017-12-19,51.6,175.03,102.645,98.5,92.66,56.65,152.0,176.01,87.78,40.46
2017-12-20,51.57,174.87,100.54,97.89,94.075,56.73,152.43,176.0,88.12,40.16
2017-12-21,52.16,174.17,99.17,98.02,93.83,57.15,156.09,174.05,89.0,39.89
2017-12-22,52.72,174.68,100.52,98.07,92.67,57.1,155.49,173.99,88.5,40.25
2017-12-26,52.35,170.8,100.8,98.15,92.48,57.01,153.14,174.36,88.28,40.22
2017-12-27,52.8,170.1,101.72,97.73,93.18,57.09,153.24,174.65,88.89,40.34
2017-12-28,52.45,171.0,99.86,98.19,92.88,57.44,153.46,175.92,89.3,40.21
2017-12-29,52.42,170.52,99.85,98.14,92.89,57.6,154.43,175.19,89.36,40.15
2018-01-02,52.33,170.16,100.9,97.14,92.15,58.2,153.5,175.85,89.24,40.2
2018-01-03,52.86,172.53,106.42,98.55,93.4,58.99,152.985,178.0,90.28,40.15
2018-01-04,52.48,172.54,107.75,100.07,94.64,59.5,155.0,181.93,91.87,39.86
2018-01-05,52.78,173.44,111.96,99.34,93.77,59.04,156.61,185.0,91.52,40.56
2018-01-08,52.6,174.35,112.05,101.28,95.11,58.85,157.37,184.95,91.81,40.08
2018-01-09,52.97,174.55,111.69,99.49,96.95,59.1,158.5,185.57,91.8,40.19
2018-01-10,53.23,173.16,110.27,99.65,96.54,58.75,158.95,185.21,91.08,40.05
2018-01-11,54.49,174.59,110.7,99.37,97.4,58.65,158.9,187.29,90.4,40.06
2018-01-12,56.56,176.18,114.38,99.34,98.5,58.96,159.5,189.09,91.06,40.56
2018-01-16,58.79,177.9,116.76,100.26,99.1,58.891,160.25,195.92,92.38,40.58
2018-01-17,58.31,176.15,114.74,103.0,99.77,58.76,159.1,194.015,94.0,40.91
2018-01-18,58.0,179.37,115.67,104.29,101.53,58.78,160.13,196.21,95.58,40.88
2018-01-19,58.59,178.61,116.24,104.33,100.87,59.23,161.6,196.24,97.64,40.51
2018-01-22,57.99,177.3,116.88,104.7,100.28,58.88,161.21,195.7,96.39,41.18
2018-01-23,57.74,177.3,117.74,106.17,103.0,59.52,161.29,202.29,96.69,42.35
2018-01-24,54.35,177.25,119.26,105.26,103.29,61.0,161.2,201.82,94.38,42.69
2018-01-25,54.0,174.505,121.12,105.95,104.67,63.18,161.12,198.08,96.19,43.28
2018-01-26,53.65,172.0,123.34,114.5,104.56,63.15,161.25,198.5,93.09,42.9
2018-01-29,52.79,170.16,123.52,121.5,105.14,63.09,162.33,200.11,93.2,43.38
2018-01-30,52.45,165.525,121.57,119.42,102.0,62.44,160.96,197.25,92.77,42.84
2018-01-31,53.08,166.87,119.86,116.21,102.98,62.66,160.09,197.13,91.89,42.68
2018-02-01,54.0,167.165,116.24,112.24,97.74,61.75,160.155,199.12,91.25,42.77
2018-02-02,53.49,166.0,115.92,115.5,99.09,62.2,159.98,197.33,90.74,42.04
2018-02-05,51.99,159.1,113.05,113.0,95.62,61.6,156.12,194.06,88.75,42.24
2018-02-06,49.32,154.83,108.28,104.91,92.58,57.92,150.29,186.59,84.2,40.21
2018-02-07,50.91,163.085,112.09,111.52,91.6,58.6,154.22,193.87,86.75,42.31
